T	ads_TPD_HH	ads_rate_HH	ads_TPD_full	ads_pre_full	ads_rate_full	ads_TPD_Tait	ads_pre_Tait	ads_rate_Tait
1.0	0.0	0.0	0.0	13437439399.914867	0.0	0.0	13437439399.91487	0.0
2.0	0.0	0.0	0.0	152027271880.65106	0.0	0.0	152027272343.40955	0.0
3.0	0.0	0.0	0.0	628405641305.9518	0.0	0.0	628406849635.5707	0.0
4.0	0.0	0.0	0.0	1719910444337.9534	0.0	0.0	1719992243189.1033	0.0
5.0	0.0	0.0	0.0	3754652265429.7344	0.0	0.0	3755878492717.955	0.0
6.0	0.0	0.0	0.0	7101168960722.602	0.0	0.0	7109611915542.198	0.0
7.0	0.0	0.0	0.0	12157675432964.434	0.0	0.0	12194378158018.787	0.0
8.0	0.0	0.0	0.0	19341033071148.42	0.0	0.0	19459490859956.42	0.0
9.0	0.0	0.0	0.0	29076500088496.684	0.0	0.0	29387679967613.832	0.0
10.0	1.0048437816522502e-302	4.019375126609001e-304	2.1536138496760607e-301	41788956014834.24	8.614455398704243e-303	2.189892683239285e-301	42492914424217.195	8.75957073295714e-303
11.0	3.5946461327005074e-274	1.437858453080203e-275	1.0673600634506444e-272	57895797541481.8	4.2694402538025773e-274	1.093590741939452e-272	59318603306065.23	4.374362967757808e-274
12.0	2.2534526821271947e-250	9.013810728508779e-252	8.991738037346407e-249	77801404661114.7	3.596695214938563e-250	9.29623486964531e-249	80436076753353.05	3.718493947858124e-250
13.0	3.099399641070157e-230	1.2397598564280629e-231	1.6196809662744918e-228	101892949884728.03	6.478723865097967e-230	1.6920126076074166e-228	106443280757830.84	6.768050430429667e-230
14.0	5.687521202413903e-213	2.2750084809655613e-214	3.807723435236306e-211	130537293406117.47	1.5230893740945223e-212	4.02434714856737e-211	137963639806211.25	1.609738859426948e-212
15.0	5.232318584707399e-198	2.09292743388296e-199	4.403056025575023e-196	164078723102508.47	1.761222410230009e-197	4.713438765706862e-196	175645054163953.22	1.8853755062827447e-197
16.0	6.51286317891308e-185	2.605145271565232e-186	6.775285705556318e-183	202837334272404.8	2.7101142822225275e-184	7.3538738777841066e-183	220159007128205.22	2.9415495511136426e-184
17.0	2.343613927111231e-173	9.374455708444925e-175	2.9701640786844354e-171	247107886741989.22	1.1880656314737742e-172	3.2717610530019624e-171	272199763485846.44	1.308704421200785e-172
18.0	4.400459763010215e-163	1.760183905204086e-164	6.706481557250874e-161	297159018890423.5	2.6825926229003494e-162	7.503711107353359e-161	332483644615036.7	3.0014844429413433e-162
19.0	6.87199999633728e-154	2.748799998534912e-155	1.2449498549578204e-151	353232734828264.4	4.979799419831282e-153	1.4159406081827473e-151	401748368732275.8	5.663762432730989e-153
20.0	1.296065253884649e-145	5.184261015538596e-147	2.762178646282044e-143	415544110202069.1	1.1048714585128175e-144	3.1956273975175573e-143	480752447067898.25	1.278250959007023e-144
21.0	3.9926836718382024e-138	1.597073468735281e-139	9.91677051486956e-136	484281183384014.9	3.966708205947824e-137	1.1677683988459113e-135	570274628482711.1	4.671073595383645e-137
22.0	2.5721349634059493e-131	1.0288539853623797e-132	7.382154217113693e-129	559605012806800.7	2.952861686845477e-130	8.853141773188472e-129	671113386371735.4	3.541256709275389e-130
23.0	4.249642171903187e-125	1.699856868761275e-126	1.3984864131236137e-122	641649889245440.2	5.593945652494454e-124	1.708929207765856e-122	784086442743534.6	6.835716831063424e-124
24.0	2.1345600557829373e-119	8.53824022313175e-121	7.997430049386915e-117	730523695475579.0	3.198972019754766e-118	9.962584257838576e-117	910030325189401.4	3.9850337031354305e-118
25.0	3.760206861427326e-114	1.5040827445709305e-115	1.5935352442230134e-111	826308406426381.5	6.374140976892054e-113	2.0245385520312988e-111	1049799953118349.0	8.098154208125195e-113
26.0	2.6216020140114816e-109	1.0486408056045927e-110	1.249161602977001e-106	929060721931416.2	4.9966464119080045e-108	1.6191898142771022e-106	1204268250169691.8	6.476759257108409e-108
27.0	8.018616160212333e-105	3.2074464640849333e-106	4.272130309021846e-102	1038812822402243.8	1.7088521236087385e-103	5.651931409822589e-102	1374325780152993.2	2.260772563929036e-103
28.0	1.1752926359175694e-100	4.701170543670278e-102	6.96548328186172e-98	1155573235854733.8	2.786193312744688e-99	9.408565397054014e-98	1560880404226404.8	3.763426158821606e-99
29.0	8.907474188451967e-97	3.562989675380787e-98	5.844457104507159e-94	1279327803106543.2	2.3377828418028638e-95	8.062539372339376e-94	1764856957324650.5	3.22501574893575e-95
30.0	3.7287744094691316e-93	1.4915097637876527e-94	2.69653170353602e-90	1410040726841378.0	1.0786126814144081e-91	3.80027289533996e-90	1987196942099355.5	1.520109158135984e-91
31.0	9.13114685424842e-90	3.6524587416993686e-91	7.247820695295438e-87	1547655689669683.2	2.899128278118175e-88	1.0437957859889451e-86	2228858238846347.5	4.1751831439557806e-88
32.0	1.3754921728962054e-86	5.501968691584822e-88	1.1936888857545265e-83	1692097026284133.8	4.774755543018106e-85	1.7571439066125536e-83	2490814830074422.0	7.028575626450214e-85
33.0	1.3321223822662172e-83	5.328489529064869e-85	1.2593343953552695e-80	1843270935238442.8	5.037337581421078e-82	1.895253023761731e-80	2774056538523459.0	7.581012095046924e-82
34.0	8.62394277127188e-81	3.449577108508752e-82	8.850650653775094e-78	2001066716671331.2	3.5402602615100376e-79	1.3620917383959509e-77	3079588777571463.0	5.448366953583804e-79
35.0	3.863058239123031e-78	1.5452232956492123e-79	4.2901130213344503e-75	2165358023351980.2	1.71604520853378e-76	6.752952486841515e-75	3408432313083584.0	2.701180994736606e-76
36.0	1.2346456248483938e-75	4.9385824993935754e-77	1.4791890716501776e-72	2336004113642830.0	5.916756286600711e-74	2.3819100547844296e-72	3761623035854570.5	9.527640219137718e-74
37.0	2.893479256163638e-73	1.1573917024654552e-74	3.729021541656509e-70	2512851096277635.0	1.4916086166626037e-71	6.143992695318899e-70	4140211743881635.0	2.45759707812756e-71
38.0	5.095603356295623e-71	2.0382413425182494e-72	7.044988364677944e-68	2695733158171034.5	2.8179953458711777e-69	1.1878524189535541e-67	4545263933779612.0	4.751409675814216e-69
39.0	6.892989102910229e-69	2.7571956411640915e-70	1.01972237831803e-65	2884473767759816.5	4.0788895132721196e-67	1.7597784690263927e-65	4977859600715806.0	7.039113876105571e-67
40.0	7.305359005961327e-67	2.9221436023845307e-68	1.1535676176070106e-63	3078886847589953.0	4.614270470428043e-65	2.0378669038371044e-63	5439093046299801.0	8.151467615348417e-65
41.0	6.175113122328075e-65	2.47004524893123e-66	1.0384000086085413e-61	3278777910984536.5	4.1536000344341654e-63	1.8780739969548875e-61	5930072693914531.0	7.51229598781955e-63
42.0	4.230843445963697e-63	1.692337378385479e-64	7.559725567868495e-60	3483945158643198.0	3.023890227147398e-61	1.3999862010428435e-59	6451920911020224.0	5.5999448041713745e-61
43.0	2.3842112950471078e-61	9.536845180188431e-63	4.5172135370541905e-58	3694180531928820.0	1.8068854148216762e-59	8.566602564505439e-58	7005773838003057.0	3.426641025802176e-59
44.0	1.1198948559861173e-59	4.47957942394447e-61	2.2453330094863717e-56	3909270720393560.5	8.981332037945486e-58	4.360998133301407e-56	7592781223176349.0	1.744399253320563e-57
45.0	4.4380237430830944e-58	1.775209497233238e-59	9.39814348444502e-55	4128998121788662.5	3.7592573937780083e-56	1.869638759440924e-54	8214106263574167.0	7.478555037763695e-56
46.0	1.500337732495079e-56	6.001350929980316e-58	3.3496513506167625e-53	4353141753398650.5	1.339860540246705e-54	6.825991227061347e-53	8870925451206254.0	2.730396490824539e-54
47.0	4.37092574954557e-55	1.748370299818228e-56	1.0270387029823276e-51	4581478114049921.0	4.1081548119293104e-53	2.1440761953461332e-51	9564428424468790.0	8.576304781384533e-53
48.0	1.1075776327150887e-53	4.4303105308603545e-55	2.7344397558545503e-50	4813781996575280.0	1.0937759023418201e-51	5.848477059863633e-50	1.029581782442919e+16	2.339390823945453e-51
49.0	2.462030741113748e-52	9.848122964454992e-54	6.376432365068686e-49	5049827250880664.0	2.5505729460274744e-50	1.397346252787342e-48	1.106630915572409e+16	5.589385011149369e-50
50.0	4.838795525273018e-51	1.935518210109207e-52	1.3126544625322237e-47	5289387498064406.0	5.250617850128895e-49	2.9475186981302883e-47	1.1877130651828866e+16	1.1790074792521153e-48
51.0	8.469238140004853e-50	3.387695256001941e-51	2.4029950166097393e-46	5532236796294747.0	9.611980066438958e-48	5.529224761398039e-46	1.272952314447438e+16	2.211689904559216e-47
52.0	1.3289602067521919e-48	5.315840827008768e-50	3.938297982399889e-45	5778150259361917.0	1.5753191929599557e-46	9.286412328526922e-45	1.3624739937002348e+16	3.714564931410769e-46
53.0	1.881129749278166e-47	7.524518997112664e-49	5.814613274160878e-44	6026904628995588.0	2.325845309664351e-45	1.4051043507828107e-43	1.456404668146544e+16	5.620417403131243e-45
54.0	2.415710074854454e-46	9.662840299417818e-48	7.778451942027932e-43	6278278802181369.0	3.111380776811173e-44	1.9264034759552156e-42	1.5548721259290782e+16	7.705613903820863e-44
55.0	2.829371010540926e-45	1.1317484042163704e-46	9.478671043016582e-42	6532054314826357.0	3.7914684172066326e-43	2.4059333709548284e-41	1.6580053665338196e+16	9.623733483819314e-43
56.0	3.037312520895657e-44	1.2149250083582628e-45	1.0574019050278425e-40	6788015783217043.0	4.22960762011137e-42	2.750881345516722e-40	1.765934589519504e+16	1.1003525382066889e-41
57.0	3.0021276049022798e-43	1.200851041960912e-44	1.0848671275895297e-39	7045951304787193.0	4.339468510358119e-41	2.8927801321307564e-39	1.8787911835559876e+16	1.1571120528523026e-40
58.0	2.7438322299664514e-42	1.0975328919865806e-43	1.0280739326122911e-38	7305652819770649.0	4.112295730449164e-40	2.809828504389144e-38	1.996707715757628e+16	1.1239314017556575e-39
59.0	2.3280806151379884e-41	9.312322460551953e-43	9.034928440557516e-38	7566916435355960.0	3.6139713762230065e-39	2.531071063036548e-37	2.1198179212987e+16	1.0124284252146194e-38
60.0	1.8405980903033014e-40	7.362392361213206e-42	7.390998760042469e-37	7829542713991261.0	2.956399504016988e-38	2.1223286007154785e-36	2.2482566932986012e+16	8.489314402861914e-38
61.0	1.360640464386814e-39	5.442561857547256e-41	5.647792957496626e-36	8093336927505029.0	2.2591171829986505e-37	1.6623485472352703e-35	2.3821600729653852e+16	6.649394188941081e-37
62.0	9.435334024390758e-39	3.774133609756303e-40	4.0445768249849167e-35	8358109278718690.0	1.6178307299939666e-36	1.220260282548522e-34	2.521665239986813e+16	4.8810411301940874e-36
63.0	6.156266655457837e-38	2.462506662183135e-39	2.7228114795485164e-34	8623675092226612.0	1.0891245918194066e-35	8.420417577506553e-34	2.6669105031587084e+16	3.368167031002621e-35
64.0	3.790166599694483e-37	1.5160666398777933e-38	1.7280676531039855e-33	8889854976011283.0	6.912270612415941e-35	5.477879723842309e-33	2.8180352912410268e+16	2.1911518895369236e-34
65.0	2.207691853282052e-36	8.830767413128208e-38	1.0367511636712629e-32	9156474955547312.0	4.147004654685052e-34	3.368677893438333e-32	2.9751801440325652e+16	1.3474711573753334e-33
66.0	1.219680960459865e-35	4.878723841839461e-37	5.894678116744723e-32	9423366582026332.0	2.3578712466978893e-33	1.963244105033576e-31	3.13848670365571e+16	7.852976420134304e-33
67.0	6.406267662718632e-35	2.5625070650874528e-36	3.1838534600219306e-31	9690367016308772.0	1.2735413840087722e-32	1.0869039644989739e-30	3.308097706043151e+16	4.347615857995896e-32
68.0	3.2061084446121916e-34	1.2824433778448766e-35	1.6373005105670782e-30	9957319090175994.0	6.549202042268314e-32	5.729064157231739e-30	3.4841569726188344e+16	2.2916256628926956e-31
69.0	1.532050466025648e-33	6.128201864102592e-35	8.033498322042858e-30	1.0224071346421374e+16	3.2133993288171435e-31	2.881171911017769e-29	3.666809402165918e+16	1.1524687644071076e-30
70.0	7.00398649251706e-33	2.8015945970068244e-34	3.768324936372962e-29	1.0490478059277822e+16	1.5073299745491848e-30	1.385200766443137e-28	3.856200962874804e+16	5.540803065772548e-30
71.0	3.069038683158247e-32	1.2276154732632988e-33	1.693078287544885e-28	1.0756399236635524e+16	6.77231315017954e-30	6.378680746811911e-28	4.052478684564691e+16	2.5514722987247647e-29
72.0	1.2912398305456495e-31	5.1649593221825977e-33	7.298998734827856e-28	1.1021700605459416e+16	2.9195994939311425e-29	2.81835006137652e-27	4.2557906510724696e+16	1.127340024550608e-28
73.0	5.224922689514715e-31	2.0899690758058858e-32	3.0243875196066186e-27	1.128625358176373e+16	1.2097550078426474e-28	1.1968346730621893e-26	4.46628599280297e+16	4.787338692248757e-28
74.0	2.0365881951220142e-30	8.146352780488057e-32	1.2063977966418421e-26	1.1549935226453498e+16	4.825591186567369e-28	4.8925866327155403e-26	4.684114879435017e+16	1.9570346530862162e-27
75.0	7.658128489776962e-30	3.063251395910785e-31	4.6395616266038724e-26	1.1812628188287806e+16	1.855824650641549e-27	1.928241181672271e-25	4.909428512777898e+16	7.712964726689084e-27
76.0	2.7819536791060827e-29	1.1127814716424332e-30	1.7227282148116167e-25	1.2074220635167924e+16	6.890912859246467e-27	7.3370545963756855e-25	5.1423791197731304e+16	2.934821838550274e-26
77.0	9.776085280560972e-29	3.910434112224389e-30	6.184406581939889e-25	1.2334606174897506e+16	2.4737626327759557e-26	2.6990243507668505e-24	5.383119945636703e+16	1.0796097403067402e-25
78.0	3.327501376232925e-28	1.33100055049317e-29	2.149209700563128e-24	1.2593683766507934e+16	8.596838802252513e-26	9.611111961552541e-24	5.6318052471371304e+16	3.8444447846210166e-25
79.0	1.0983283878621729e-27	4.3933135514486914e-29	7.239173450526159e-24	1.2851357623187344e+16	2.8956693802104636e-25	3.317044604109332e-23	5.888590286004899e+16	1.3268178416437328e-24
80.0	3.519681262508166e-27	1.4078725050032665e-28	2.3660951025212888e-23	1.310753710779489e+16	9.464380410085155e-25	1.110817143989395e-22	6.153631322469098e+16	4.44326857595758e-24
81.0	1.0962349129675051e-26	4.38493965187002e-28	7.512548727010987e-23	1.3362136621889946e+16	3.0050194908043952e-24	3.613478530863265e-22	6.427085608917142e+16	1.445391412345306e-23
82.0	3.321866140041993e-26	1.328746456016797e-27	2.319583154405689e-22	1.361507548915044e+16	9.278332617622756e-24	1.143022802848398e-21	6.70911138367383e+16	4.572091211393592e-23
83.0	9.803164533323084e-26	3.921265813329234e-27	6.971623964857987e-22	1.3866277834001398e+16	2.788649585943195e-23	3.519361658691446e-21	6.999867864895903e+16	1.4077446634765786e-22
84.0	2.8200920723290727e-25	1.1280368289316292e-26	2.0416092494549496e-21	1.4115672456224364e+16	8.166436997819798e-23	1.055759680318868e-20	7.299515244578702e+16	4.2230387212754723e-22
85.0	7.91518706818097e-25	3.166074827272388e-26	5.830689775972835e-21	1.4363192702265994e+16	2.332275910389134e-22	3.088529165013594e-20	7.608214682671469e+16	1.2354116660054376e-21
86.0	2.169352163822202e-24	8.677408655288809e-26	1.6253678452809687e-20	1.4608776333915964e+16	6.501471381123875e-22	8.818585338042453e-20	7.926128301298034e+16	3.527434135216981e-21
87.0	5.8106275989592076e-24	2.324251039583683e-25	4.426153102192873e-20	1.485236539497652e+16	1.7704612408771494e-21	2.4596012777559375e-19	8.253419179079822e+16	9.83840511102375e-21
88.0	1.5222194655091838e-23	6.0888778620367355e-25	1.1783835711856145e-19	1.5093906076499276e+16	4.713534284742458e-21	6.706422450661393e-19	8.590251345558213e+16	2.682568980264557e-20
89.0	3.903145967719244e-23	1.5612583870876976e-24	3.069442954977715e-19	1.5333348581120886e+16	1.227777181991086e-20	1.788974291692178e-18	8.936789775713278e+16	7.155897166768712e-20
90.0	9.802647917905006e-23	3.921059167162003e-24	7.828126363897276e-19	1.5570646986986768e+16	3.1312505455589106e-20	4.672146699895114e-18	9.293200384576299e+16	1.8688586799580458e-19
91.0	2.4130006167983126e-22	9.65200246719325e-24	1.956052722065014e-18	1.580575911171087e+16	7.824210888260056e-20	1.1954367130395176e-17	9.659650021933323e+16	4.78174685215807e-19
92.0	5.825570611772749e-22	2.3302282447090996e-23	4.7919684208178035e-18	1.6038646376780142e+16	1.9167873683271215e-19	2.9986111372654644e-17	1.0036306467117243e+17	1.1994444549061858e-18
93.0	1.3802446054509972e-21	5.520978421803989e-23	1.1516804314793e-17	1.6269273672776454e+16	4.6067217259172e-19	7.37854383355957e-17	1.0423338423885982e+17	2.9514175334238277e-18
94.0	3.2112071829908518e-21	1.2844828731963407e-22	2.7170467032430544e-17	1.649760922575167e+16	1.0868186812972218e-18	1.7821329396779448e-16	1.0820915515384403e+17	7.12853175871178e-18
95.0	7.340448501840225e-21	2.93617940073609e-22	6.295942709688718e-17	1.672362446506075e+16	2.518377083875487e-18	4.22745991149422e-16	1.1229208279187752e+17	1.6909839645976887e-17
96.0	1.6495137542040773e-20	6.5980550168163095e-22	1.433719085811409e-16	1.694729389292233e+16	5.734876343245637e-18	9.854385327194956e-16	1.1648388162424338e+17	3.9417541308779857e-17
97.0	3.645824147419968e-20	1.4583296589679872e-21	3.2102454305197545e-16	1.7168594955951166e+16	1.284098172207902e-17	2.2585050723606266e-15	1.2078627516975523e+17	9.034020289442523e-17
98.0	7.929760231702579e-20	3.1719040926810315e-21	7.071396045823622e-16	1.738750791887449e+16	2.8285584183294505e-17	5.0918500328349374e-15	1.2520099594750854e+17	2.0367400131339832e-16
99.0	1.69808072514706e-19	6.79232290058824e-21	1.5331259870135076e-15	1.7604015740622132e+16	6.132503948054038e-17	1.129810994624501e-14	1.2972978543036456e+17	4.519243978498045e-16
100.0	3.5817197407291056e-19	1.4326878962916424e-20	3.2731119029815027e-15	1.7818103952951368e+16	1.3092447611926048e-16	2.4684019669875164e-14	1.3437439399914867e+17	9.873607867950268e-16
101.0	7.4447995032656385e-19	2.9779198013062554e-20	6.884156418066919e-15	1.8029760541748964e+16	2.753662567226784e-16	5.312538589493445e-14	1.3913658089754386e+17	2.1250154357974737e-15
102.0	1.5255560674136343e-18	6.102224269654537e-20	1.427040786504314e-14	1.823897583112841e+16	5.70816314601733e-16	1.1268161372880006e-13	1.4401811418766298e+17	4.507264549152445e-15
103.0	3.08315649890038e-18	1.233262599560152e-19	2.916751789309465e-14	1.844574237042168e+16	1.1667007157238178e-15	2.3564061064776105e-13	1.4902077070628227e+17	9.425624425912432e-15
104.0	6.147900767791072e-18	2.459160307116429e-19	5.880506392345743e-14	1.8650054824148144e+16	2.35220255693843e-15	4.860353081420243e-13	1.5414633602172054e+17	1.944141232568965e-14
105.0	1.2100050303158741e-17	4.840020121263497e-19	1.169904186293522e-13	1.8851909865021416e+16	4.679616745174627e-15	9.891769910498964e-13	1.5939660439134755e+17	3.956707964203276e-14
106.0	2.3514488207767676e-17	9.40579528310707e-19	2.297566284751283e-13	1.9051306070047156e+16	9.190265139007267e-15	1.987148588020008e-12	1.6477337871970634e+17	7.948594352095308e-14
107.0	4.5136200603025526e-17	1.805448024121021e-18	4.4557813856478657e-13	1.924824381974237e+16	1.7823125542599696e-14	3.9417811121369784e-12	1.7027847051723696e+17	1.5767124448609549e-13
108.0	8.560577082940744e-17	3.4242308331762977e-18	8.536266098440731e-13	1.944272520049953e+16	3.4145064393793915e-14	7.723434533311362e-12	1.7591369985958314e+17	3.0893738133487987e-13
109.0	1.6047661539580129e-16	6.4190646158320524e-18	1.6160134949102275e-12	1.963475391010451e+16	6.464053979652294e-14	1.49530154535699e-11	1.816808953474737e+17	5.981206181521112e-13
110.0	2.9743228915882876e-16	1.1897291566353152e-17	3.0240885918141693e-12	1.9824335166406572e+16	1.209635436729753e-13	2.8614541728756307e-11	1.875818940671602e+17	1.1445816691851932e-12
111.0	5.452104796730789e-16	2.180841918692317e-17	5.595656847897941e-12	2.0011475619129196e+16	2.2382627391735044e-13	5.414008134509146e-11	1.936185415514011e+17	2.1656032539317363e-12
112.0	9.88706536268263e-16	3.9548261450730565e-17	1.0241049675938004e-11	2.0196183264802292e+16	4.0964198704243467e-13	1.013105721003931e-10	1.997926917409798e+17	4.05242288447479e-12
113.0	1.7742739683496194e-15	7.097095873398493e-17	1.8543852472382894e-11	2.037846736478683e+16	7.41754098911811e-13	1.8755105701088735e-10	2.0610620694674307e+17	7.502042282045377e-12
114.0	3.1516841240758286e-15	1.2606736496303363e-16	3.323062108562195e-11	2.05583383663575e+16	1.3292248434790863e-12	3.43584803315573e-10	2.1256095781215005e+17	1.3743392138149737e-11
115.0	5.543039702191153e-15	2.2172158808764767e-16	5.894903677067978e-11	2.0735807826802132e+16	2.35796147100171e-12	6.23038254943594e-10	2.1915882327631747e+17	2.4921530216328452e-11
116.0	9.654888381264819e-15	3.8619553525059765e-16	1.0354461194785542e-10	2.091088834048994e+16	4.141784478464915e-12	1.1185991946060497e-09	2.2590169053755526e+17	4.474396784548604e-11
117.0	1.665894148456142e-14	6.663576593824716e-16	1.8013570384579788e-10	2.1083593468858244e+16	7.2054281555360444e-12	1.9889423767534664e-09	2.3279145501737613e+17	7.955769526802776e-11
118.0	2.848077161478793e-14	1.1392308645915614e-15	3.104551855788438e-10	2.1253937673261428e+16	1.2418207428327698e-11	3.5031848831837467e-09	2.3983002032497312e+17	1.401273959546033e-10
119.0	4.825698562791883e-14	1.930279425116883e-15	5.301840728605046e-10	2.1421936250620496e+16	2.1207362929839998e-11	6.113625543674013e-09	2.4701929822215338e+17	2.4454502369830585e-10
120.0	8.10530405007821e-14	3.2421216200316594e-15	8.973906564939132e-10	2.158760527181374e+16	3.589562630488742e-11	1.0573723493551282e-08	2.543612085887175e+17	4.2294894570272103e-10
121.0	1.349809698313361e-13	5.399238793254506e-15	1.5057704427399342e-09	2.1750961522742004e+16	6.023081783937501e-11	1.812782136268243e-08	2.6185767938827846e+17	7.251128723935419e-10
122.0	2.2292577696583807e-13	8.917031078636482e-15	2.50524680031899e-09	2.191202244799872e+16	1.0020987237957204e-10	3.081370787713865e-08	2.695106466345063e+17	1.2325483678320386e-09
123.0	3.651909739949614e-13	1.4607638959806558e-14	4.133766983655851e-09	2.2070806097080748e+16	1.653506803657349e-10	5.1941223613949825e-08	2.7732205435779392e+17	2.0776490974903595e-09
124.0	5.935215326392135e-13	2.374086130559038e-14	6.765993215398682e-09	2.222733107306488e+16	2.706397314033893e-10	8.684335764915829e-08	2.8529385457233248e+17	3.4737347420923213e-09
125.0	9.571756413884952e-13	3.828702565559775e-14	1.0987296510519393e-08	2.23816164836815e+16	4.394918679209019e-10	1.4404589108631599e-07	2.934280072435901e+17	5.761836867226184e-09
126.0	1.5320218165849077e-12	6.12808726635477e-14	1.7705364068151062e-08	2.2533681894712692e+16	7.08214582593406e-10	2.370751239234565e-07	3.017264802561839e+17	9.483008337050787e-09
127.0	2.434071770183299e-12	9.736287080772166e-14	2.8317316530664513e-08	2.2683547285643e+16	1.132692713056458e-09	3.8723127700518673e-07	3.101912493821391e+17	1.5489260273299794e-08
128.0	3.839472064768676e-12	1.5357888259173555e-13	4.495816851541149e-08	2.283123300749024e+16	1.7983268738282893e-09	6.278129405810953e-07	3.18824298249526e+17	2.511254225225021e-08
129.0	6.0138368923736666e-12	2.405534756974186e-13	7.08676678339222e-08	2.2976759742743908e+16	2.8347070507822584e-09	1.0105067426209577e-06	3.276276183114693e+17	4.042033472329858e-08
130.0	9.355001795903014e-12	3.7420007184221626e-13	1.1092825365288438e-07	2.312014846734089e+16	4.437130988732152e-09	1.6149859711549158e-06	3.366032088155194e+17	6.459960803676441e-08
131.0	1.445493632354261e-11	5.781974529565322e-13	1.7244874867800283e-07	2.326142041460665e+16	6.897952022227684e-09	2.563233450977949e-06	3.4575307677338323e+17	1.0252977215539195e-07
132.0	2.2188835501999327e-11	8.875534201155638e-13	2.662986762971111e-07	2.34005970410907e+16	1.065195209322185e-08	4.040774371231753e-06	3.5507923693100275e+17	1.6163207350843386e-07
133.0	3.384253129403453e-11	1.3537012518457012e-12	4.0853973770266436e-07	2.3537699994229784e+16	1.6341601593978298e-08	6.32795174813206e-06	3.6458371173897734e+17	2.5312081326352017e-07
134.0	5.129360947579481e-11	2.0517443792290287e-12	6.227579186729824e-07	2.367275108176658e+16	2.4910345346902268e-08	9.845706456028034e-06	3.742685313233237e+17	3.9383501881717765e-07
135.0	7.726735546270863e-11	3.09069421896399e-12	9.433770749795707e-07	2.3805772242860684e+16	3.7735149823401097e-08	1.5222177798375755e-05	3.8413573345656557e+17	6.089035594656135e-07
136.0	1.1569636671628855e-10	4.627854669691384e-12	1.4203394019582059e-06	2.3936785520823e+16	5.68137302850907e-08	2.3389010081399273e-05	3.9418736352914726e+17	9.355999172843812e-07
137.0	1.722229830489941e-10	6.888919324304672e-12	2.125678670879451e-06	2.4065813037411076e+16	8.5027498389114e-08	3.571978820774892e-05	4.0442547452116595e+17	1.4288852959137081e-06
138.0	2.5489740153885095e-10	1.019589606678057e-11	3.162699799840739e-06	2.4192876968620984e+16	1.2650878397274242e-07	5.422786164341869e-05	4.1485212697441786e+17	2.169334311917963e-06
139.0	3.751424863348644e-10	1.500569946491158e-11	4.6787277046797265e-06	2.431799952191491e+16	1.8715087170415354e-07	8.184737743848194e-05	4.254693889647467e+17	3.2744044984632728e-06
140.0	5.490801622656549e-10	2.1963206515722478e-11	6.882717917683567e-06	2.444120291482426e+16	2.753125990822641e-07	0.0001228301664734174	4.3627933607469875e+17	4.914373419311451e-06
141.0	7.993455505399058e-10	3.1973822075687346e-11	1.0069454568464463e-05	2.4562509354868668e+16	4.02786634980551e-07	0.00018330286720437232	4.472840513664695e+17	7.3347570204449684e-06
142.0	1.157555752367419e-09	4.6302230210039174e-11	1.4652627417088593e-05	2.4681941020736536e+16	5.861232980800917e-07	0.000272044081403744	4.5848562535514144e+17	1.0887681265816819e-05
143.0	1.667653031325348e-09	6.670612149640005e-11	2.1209815402302563e-05	2.479952004466915e+16	8.484313949192393e-07	0.0004015612156048106	4.698861559822098e+17	1.607555977112234e-05
144.0	2.3904103592372052e-09	9.561641487781239e-11	3.0543354893524814e-05	2.4915268495995716e+16	1.2218159551593335e-06	0.0005895715847802245	4.81487748589385e+17	2.361160240094559e-05
145.0	3.4094749408427414e-09	1.3637899868474112e-10	4.3762291661695574e-05	2.502920836576817e+16	1.750662285431977e-06	0.0008610223714264394	4.932925158926705e+17	3.450323280860378e-05
146.0	4.839437454751743e-09	1.9357750034191032e-10	6.239217250934402e-05	2.5141361552444044e+16	2.4960393959472744e-06	0.001250817726349018	5.053025779567152e+17	5.016654085431068e-05
147.0	6.836557547934245e-09	2.7346230628062726e-10	8.85214025475834e-05	2.5251749848569604e+16	3.5415772170729566e-06	0.001807454112253016	5.175200621694269e+17	7.258258427826316e-05
148.0	9.612957214696373e-09	3.8451829735185976e-10	0.00012499536378047596	2.536039492841542e+16	5.0012756015384146e-06	0.002597786045970875	5.299471032168493e+17	0.00010450986764621304
149.0	1.3455322387607288e-08	5.382129129451472e-10	0.00017567255105193448	2.546731833651929e+16	7.029834403214421e-06	0.003713130657957763	5.4258584305829555e+17	0.0001497718988637584
150.0	1.874944069855471e-08	7.499776623364981e-10	0.00024576071717093427	2.5572541477093476e+16	9.836259655486406e-06	0.005276825517801795	5.554384309017342e+17	0.00021364464825990247
151.0	2.6012263671635756e-08	1.0404906140914103e-09	0.0003422554863410988	2.567608560425137e+16	1.3701709216007795e-05	0.007453094836716955	5.6850702317942374e+17	0.0003033763806104815
152.0	3.5933631178503056e-08	1.43734537739545e-09	0.0004745090805837331	2.5777971813015944e+16	1.9002802105528338e-05	0.010456502307351602	5.817937835237903e+17	0.0004288821562349166
153.0	4.9430354784233005e-08	1.977214441597238e-09	0.0006549625515738416	2.5878221031068456e+16	2.624194110207214e-05	0.014560116585545452	5.953008827435462e+17	0.00060366787516857
154.0	6.771604856659054e-08	2.708642419347134e-09	0.0009000807942513128	2.5976854011200844e+16	3.60866023329156e-05	0.020098380682329976	6.090304988000434e+17	0.0008460547766614799
155.0	9.239094968119472e-08	3.6956388878830584e-09	0.0012315347279913853	2.607389132443493e+16	4.9420045855007336e-05	0.027456987057047848	6.229848167838623e+17	0.0011807956790699347
156.0	1.2555702037600807e-07	5.0222825029949895e-09	0.0016776776152373283	2.616935335377348e+16	6.740651808098736e-05	0.03703618778228906	6.371660288916232e+17	0.0016412000276224278
157.0	1.699649086549915e-07	6.798599484774162e-09	0.0022753593816854773	2.6263260288550444e+16	9.15747748329487e-05	0.049165708997146784	6.515763344030299e+17	0.0022719173268616615
158.0	2.2920091400197324e-07	9.168042350752576e-09	0.00307210852532661	2.6355632119347064e+16	0.00012392468175228302	0.06394038173557998	6.662179396581274e+17	0.003132569379324016
159.0	3.079240136140185e-07	1.2316971147206292e-08	0.004128676582854112	2.6446488633444644e+16	0.0001670627809657541	0.08094230154512201	6.810930580347825e+17	0.004302472889647279
160.0	4.1216531931282963e-07	1.6486632041099365e-08	0.005521870302199653	2.6535849410782576e+16	0.00022437408956370205	0.09883521587370547	6.962039099263745e+17	0.005886757797809386
161.0	5.497051327297691e-07	2.198824007051625e-08	0.007347468389884752	2.6623733820393972e+16	0.000300239063813454	0.11489572587291771	7.115527227197006e+17	0.008024266046396184
162.0	7.305461362879268e-07	2.92219077120188e-08	0.00972279804180441	2.671016101729383e+16	0.00040030667833330686	0.12473676693334748	7.271417307730853e+17	0.010897713822647578
163.0	9.675053042545218e-07	3.870032289786434e-08	0.012788181907682713	2.67951499397912e+16	0.0005318369960583047	0.12280659422107625	7.429731753946961e+17	0.014746721800090594
164.0	1.2769519624950243e-06	5.107827406124193e-08	0.016705894444072757	2.687871930720087e+16	0.0007041295175325334	0.10454371702134728	7.5904930482106e+17	0.019884467510469232
165.0	1.6797252068905069e-06	6.718935131850265e-08	0.021654417396734276	2.6960887617933532e+16	0.000929057083507866	0.07064379965726987	7.753723741957772e+17	0.026718897642069257
166.0	2.202270768893997e-06	8.809142848596978e-08	0.027814610463864103	2.704167314793824e+16	0.0012217292630840937	0.031409852029315934	7.919446455484306e+17	0.035779662852816
167.0	2.8780455758818766e-06	1.1512285771460173e-07	0.03534296513422187	2.7121093949479172e+16	0.001601314105925792	0.0	8.087683877736876e+17	0.04775221199341546
168.0	3.749247903076771e-06	1.4997169563553061e-07	0.04432569022499409	2.719916785022268e+16	0.0020920530037552387	0.0	8.258458766105887e+17	0.06352081638364959
169.0	4.868942390494455e-06	1.9476073678984989e-07	0.05470683099687303	2.7275912452618036e+16	0.002724510344849292	0.0	8.431793946220282e+17	0.08422269968794319
170.0	6.303662571055228e-06	2.5215166787806464e-07	0.06618579078153328	2.735134513355158e+16	0.003537107828649589	0.0	8.607712311744084e+17	0.11131593878096034
171.0	8.136589226228866e-06	3.254722876407488e-07	0.07808788335677075	2.742548304425727e+16	0.004578002932806524	0.0	8.786236824174871e+17	0.1466643919616496
172.0	1.0471421189741284e-05	4.188714762979246e-07	0.08923099062788585	2.74983431104656e+16	0.0059073823157205965	0.0	8.967390512643913e+17	0.1926436219075032
173.0	1.3437076530098558e-05	5.375074616339564e-07	0.09784735896234985	2.75699420327757e+16	0.007600254147292026	0.0	9.151196473718172e+17	0.2522726339771646
174.0	1.719338676641719e-05	6.87775934299824e-07	0.10167168925754264	2.7640296287236296e+16	0.009749838775388209	0.0	9.337677871203921e+17	0.329377271627834
175.0	2.1937975349402233e-05	8.775857332932297e-07	0.09835469482902146	2.7709422126118364e+16	0.012471675078058795	0.0	9.52685793595217e+17	0.42879232973981
176.0	2.791454453713086e-05	1.1166911769720391e-06	0.08634188716912186	2.777733557886798e+16	0.01590858068433836	0.0	9.718759965665727e+17	0.556610898214204
177.0	3.542283249653491e-05	1.4170916812392306e-06	0.06615012262424759	2.7844052453225492e+16	0.020236628376158843	0.0	9.913407324707857e+17	0.7204911724276132
178.0	4.483054544732412e-05	1.793511113628778e-06	0.041462817523562547	2.7909588336498236e+16	0.02567232886523026	0.0	1.0110823443912741e+18	0.930033010235992
179.0	5.6587618387112627e-05	2.2639714121675197e-06	0.01879064929486841	2.7973958596975604e+16	0.03248124227924996	0.0	1.0311031820397322e+18	1.1972389304372189
180.0	7.12432127744019e-05	2.850477386964787e-06	0.0	2.803717838547487e+16	0.040988277656571336	0.0	1.0514056017374934e+18	1.5370770960324982
181.0	8.946592074465429e-05	3.579832360306025e-06	0.0	2.809926263700718e+16	0.051589982165130596	0.0	1.0719919663970367e+18	1.9681671772678504
182.0	0.00011206771301299258	4.4846074317082735e-06	0.0	2.816022607255387e+16	0.06476917032572338	0.0	1.0928646455036539e+18	2.513613924306397
183.0	0.0001400322412369154	5.604290726675522e-06	0.0	2.8220083200944332e+16	0.08111229900087581	0.0	1.1140260150972687e+18	3.2020178887459867
184.0	0.00017454818439347367	6.986647055544987e-06	0.0	2.8278848320824296e+16	0.10133005715760658	0.0	1.1354784577544005e+18	4.068698120947047
185.0	0.00021704841098355232	8.689323031000853e-06	0.0	2.833653552270901e+16	0.12628171135984106	0.0	1.1572243625702856e+18	5.157167954267475
186.0	0.0002692558117629691	1.078173793456733e-05	0.0	2.8393158691110316e+16	0.1570038296213701	0.0	1.179266125141132e+18	6.520912301591879
187.0	0.0003332367367031152	1.3347306554913688e-05	0.0	2.844873150673335e+16	0.1947440987789719	0.0	1.2016061475465324e+18	8.22552338531637
188.0	0.00041146303814605607	1.6486046922077725e-05	0.0	2.85032674487317e+16	0.24100105515996356	0.0	1.224246838332005e+18	10.351261670085863
189.0	0.0005068837695175272	2.031763341685517e-05	0.0	2.8556779797019156e+16	0.2975706663646549	0.0	1.2471906124916895e+18	12.996120160636373
190.0	0.000623007600874301	2.4984964236385707e-05	0.0	2.860928163462644e+16	0.3666008349283404	0.0	1.2704398914511647e+18	16.27948338166473
191.0	0.0007639969682344036	3.065832174631188e-05	0.0	2.866078585010221e+16	0.4506550440650293	0.0	1.2939971030504164e+18	20.346487515907597
192.0	0.0009347748440417068	3.75402149563741e-05	0.0	2.871130513994841e+16	0.5527865333575513	0.0	1.3178646815269363e+18	25.373205613074322
193.0	0.0011411447611930274	4.587100533869151e-05	0.0	2.876085201108752e+16	0.6766245800226245	0.0	1.3420450674989486e+18	31.572801800789726
194.0	0.0013899242882300668	5.5935430594778914e-05	0.0	2.880943878335516e+16	0.826474671274433	0.0	1.366540707948772e+18	39.20282136969697
195.0	0.0016890914651577459	6.80701559072997e-05	0.0	2.88570775920143e+16	1.007434587526722	0.0	1.3913540562063127e+18	48.57380984780434
196.0	0.0020479426704761833	8.2672498835313e-05	0.0	2.8903780390287052e+16	1.225528677072709	0.0	1.4164875719326835e+18	60.059484146369655
197.0	0.0024772588730465916	0.00010021049248828848	0.0	2.8949558951897948e+16	1.4878628930022966	0.0	1.441943721103947e+18	74.1087130202224
198.0	0.0029894750637214193	0.00012123447211753311	0.0	2.899442487362842e+16	1.8028034851852182	0.0	1.4677249759949855e+18	91.25960295987144
199.0	0.003598844655380071	0.00014639039297937483	0.0	2.9038389577874828e+16	2.1801825970866267	0.0	1.4938338151634941e+18	112.1560297972048
200.0	0.004321586533914461	0.00017643511245126576	0.0	2.9081464315210456e+16	2.631534412116647	0.0	1.5202727234340948e+18	137.56700639818393
201.0	0.005175996938667587	0.0002122538971323615	0.0	2.912366016694551e+16	3.170365930485435	0.0	1.5470441918825733e+18	168.4093335379104
202.0	0.006182501114091238	0.00025488044626089827	0.0	2.91649880476842e+16	3.812466938702176	0.0	1.5741507178202227e+18	205.77404518087673
203.0	0.007363610358763899	0.0003055197564735147	0.0	2.9205458707875868e+16	4.576264263709382	0.0	1.6015948047783235e+18	250.9572317750702
204.0	0.008743738397430206	0.000365574189973626	0.0	2.924508273635604e+16	5.483225986209114	0.0	1.6293789624927206e+18	305.495906750023
205.0	0.010348816744337675	0.00043667314884079716	0.0	2.9283870562877268e+16	6.558321927297448	0.0	1.6575057068885243e+18	371.20967321471437
206.0	0.012205632030925244	0.0005207068027897118	0.0	2.9321832460626936e+16	7.830547423588855	0.0	1.6859775600649257e+18	450.24905100739227
207.0	0.014340789797174718	0.0006198643664839295	0.0	2.9358978548729972e+16	9.333518173388262	0.0	1.71479705028011e+18	545.1514399895343
208.0	0.016779190567526366	0.0007366774758499834	0.0	2.939531879473292e+16	11.106144775195208	0.0	1.7439667119363005e+18	658.9058251464251
209.0	0.019541888171277378	0.0008740692710651093	0.0	2.943086301707279e+16	13.193396495244171	0.0	1.7734890855648922e+18	795.0274741271535
210.0	0.022643192408364324	0.0010354098573679242	0.0	2.9465620887521436e+16	15.647164798486052	0.0	1.8033667178117e+18	957.6440399277174
211.0	0.026086886529695194	0.0012245788839476324	0.0	2.9499601933612496e+16	18.5272382633245	0.0	1.8336021614223186e+18	1151.5946622354288
212.0	0.029861466803333153	0.0014460360563025962	0.0	2.9532815541043004e+16	21.90240168067603	0.0	1.8641979752275763e+18	1382.5438624026065
213.0	0.03393439360125322	0.0017049004790463881	0.0	2.9565270956050908e+16	25.85167341906081	0.0	1.8951567241291036e+18	1657.1122511595204
214.0	0.038245492612778736	0.002007039814615573	0.0	2.959697728777036e+16	30.46569652615868	0.0	1.9264809790849894e+18	1983.0263172338223
215.0	0.0426998856329722	0.0023591703391663546	0.0	2.9627943510556884e+16	35.84830054074592	0.0	1.9581733170955556e+18	2369.2898414329197
216.0	0.04716118563471132	0.0027689690806112885	0.0	2.9658178466289616e+16	42.118252614447904	0.0	1.99023632118922e+18	2826.3797870653248
217.0	0.0514461710633732	0.003245199335755719	0.0	2.9687690866643744e+16	49.41121829808427	0.0	2.0226725804084598e+18	3366.469856650409
218.0	0.05532273979006823	0.0037978509843645254	0.0	2.971648929533486e+16	57.88195424046291	0.0	2.0554846897958756e+18	4003.6852797216097
219.0	0.05851355642767568	0.004438297148275197	0.0	2.9744582210336148e+16	67.70675708664432	0.0	2.088675250380345e+18	4754.392810440818
220.0	0.06070827679540606	0.005179468883939703	0.0	2.977197794606382e+16	79.08619505649686	0.0	2.122246869163289e+18	5637.53037022782
221.0	0.061587260653350705	0.006036049747622132	0.0	2.979868471553495e+16	92.24815104182517	0.0	2.1562021591050063e+18	6674.981273456431
222.0	0.060858827844478595	0.007024692234502786	0.0	2.982471061249399e+16	107.45120859044009	0.0	2.1905437391111196e+18	7891.998527526665
223.0	0.05830984442816384	0.008164258266796154	0.0	2.9850063613509224e+16	124.98841485807593	0.0	2.2252742340191165e+18	9317.685306663594
224.0	0.053865305497758614	0.00947608609231596	0.0	2.987475158003816e+16	145.19145751347634	0.0	2.260396274584965e+18	10985.538366260918
225.0	0.04764663084032533	0.010984286154419981	0.0	2.989878226046252e+16	168.4352956887441	0.0	2.2959124974698301e+18	12934.061896500514
226.0	0.040011652863997764	0.012716068707606741	0.0	2.992216329209239e+16	195.14328838598138	0.0	2.33182554522688e+18	15207.46011563482
227.0	0.03155441530874841	0.01470210618098405	0.0	2.9944902203137776e+16	225.7928672936563	0.0	2.3681380662881797e+18	17856.417780467265
228.0	0.023044336313444446	0.016976933535078505	0.0	2.996700641465101e+16	260.92180474216514	0.0	2.404852714951664e+18	20938.97875022667
229.0	0.015297036116016212	0.019579390116809963	0.0	2.9988483242436624e+16	301.13513154934714	0.0	2.441972151368206e+18	24521.533786727025
230.0	0.00899545687775886	0.022553106793687733	0.0	3.0009339898929584e+16	347.11276378453897	0.0	2.4794990415287726e+18	28679.929915315035
231.0	0.004514013184344287	0.025947042442168538	0.0	3.002958349504457e+16	399.6179020251793	0.0	2.51743605725165e+18	33500.714914925615
232.0	0.0018223557628684833	0.029816074177553595	0.0	3.0049221041991412e+16	459.5062715058881	0.0	2.555785876169764e+18	39082.53185947971
233.0	0.0005325235706782243	0.03422164604452288	0.0	3.006825945306197e+16	527.7362766768864	0.0	2.5945511817180887e+18	45537.68010499473
234.0	8.819173080893368e-05	0.03923248123938561	0.0	3.008670554538434e+16	605.3801491101597	0.0	2.633734663121116e+18	52993.86071604835
235.0	0.0	0.04492536330814008	0.0	3.0104566041648492e+16	693.6361734290285	0.0	2.67333901538043e+18	61596.1260607983
236.0	0.0	0.05138599215947249	0.0	3.0121847571799164e+16	793.8420820032684	0.0	2.713366939262336e+18	71509.05518556118
237.0	0.0	0.058709921149699154	0.0	3.0138556674701264e+16	907.4897155592912	0.0	2.7538211412855997e+18	82919.1786182708
238.0	0.0	0.06700358193836074	0.0	3.0154699799772804e+16	1036.241053616229	0.0	2.7947043337092275e+18	96037.67845602996
239.0	0.0	0.07638540427965593	0.0	3.017028330858968e+16	1181.9457257877	0.0	2.836019234520357e+18	111103.39197705504
240.0	0.0	0.0869870384069702	0.0	3.0185313476461188e+16	1346.660122495649	0.0	2.8777685674222095e+18	128386.14959360876
241.0	0.0	0.0989546881866298	0.0	3.019979649397534e+16	1532.6682315441017	0.0	2.919955061822108e+18	148190.48074327043
242.0	0.0	0.11245056376336324	0.0	3.0213738468516736e+16	1742.5043353053295	0.0	2.962581452819593e+18	170859.72431423952
243.0	0.0	0.12765446299496555	0.0	3.022714542575502e+16	1978.9777119942637	0.0	3.005650481194596e+18	196780.58343084063
244.0	0.0	0.14476549157833324	0.0	3.0240023311105452e+16	2245.1994936626606	0.0	3.049164893395693e+18	226388.16790302633
245.0	0.0	0.1640039324041156	0.0	3.025237799116205e+16	2544.6118431409714	0.0	3.093127441528422e+18	260171.57138380787
246.0	0.0	0.18561327534407066	0.0	3.0264215255103012e+16	2881.0196222114096	0.0	3.1375408833436877e+18	298680.03429824655
247.0	0.0	0.20986241937443026	0.0	3.0275540816069916e+16	3258.6247338171393	0.0	3.1824079822262195e+18	342529.74792361195
248.0	0.0	0.23704805967173243	0.0	3.028636031251818e+16	3682.0633321200216	0.0	3.2277315071831204e+18	392411.35963158915
249.0	0.0	0.26749727308465615	0.0	3.029667930954354e+16	4156.446105711093	0.0	3.2735142328324634e+18	449098.24426732934
250.0	0.0	0.301570316188937	0.0	3.0306503300181372e+16	4687.401851287252	0.0	3.319758939391967e+18	513455.6119590406
251.0	0.0	0.3396636509715711	0.0	3.0315837706680908e+16	5281.1245676196995	0.0	3.3664684126677545e+18	586450.5283433862
252.0	0.0	0.38221321406824255	0.0	3.0324687881753764e+16	5944.424312695404	0.0	3.413645444043147e+18	669162.9292811843
253.0	0.0	0.42969794639312675	0.0	3.0333059109798104e+16	6684.782080492059	0.0	3.4612928304675517e+18	762797.7186439186
254.0	0.0	0.48264360095582853	0.0	3.034095660809925e+16	7510.40896798976	0.0	3.509413374445408e+18	868698.0447011417
255.0	0.0	0.5416268476559205	0.0	3.034838552800408e+16	8430.309917719009	0.0	3.5580098840251976e+18	988359.8580544514
256.0	0.0	0.6072796948825004	0.0	3.0355350956074136e+16	9454.35233641112	0.0	3.6070851727885143e+18	1123447.861971203
257.0	0.0	0.6802942488261431	0.0	3.036185791521454e+16	10593.339906170357	0.0	3.656642059839213e+18	1275812.9743985399
258.0	0.0	0.7614278325329695	0.0	3.036791136577997e+16	11859.091921017667	0.0	3.7066833697926026e+18	1447511.4299105827
259.0	0.0	0.8515084878981565	0.0	3.0373516206658576e+16	13264.52849870017	0.0	3.757211932764729e+18	1640825.6593910104
260.0	0.0	0.9514408850079628	0.0	3.037867727633352e+16	14823.762035295551	0.0	3.8082305843616835e+18	1858287.0954059355
261.0	0.0	1.0622126644975647	0.0	3.038339935392406e+16	16552.195288398434	0.0	3.859742165669011e+18	2102701.062011623
262.0	0.0	1.184901239896939	0.0	3.038768716020307e+16	18466.62649354994	0.0	3.911749523241155e+18	2377173.9191991114
263.0	0.0	1.3206810882894326	0.0	3.0391545358596636e+16	20585.3619380765	0.0	3.9642555090909737e+18	2685142.6443363866
264.0	0.0	1.470831559008782	0.0	3.0394978556160244e+16	22928.336436636986	0.0	4.017262980679309e+18	3030407.0458636414
265.0	0.0	1.6367452315495539	0.0	3.0397991304538024e+16	25517.242173542927	0.0	4.0707748009046195e+18	3417164.8181612575
266.0	0.0	1.8199368553673108	0.0	3.040058810089905e+16	28375.666398344852	0.0	4.1247938380926787e+18	3850049.6609868193
267.0	0.0	2.0220529057937386	0.0	3.0402773388856572e+16	31529.23848322081	0.0	4.179322965986317e+18	4334172.702194395
268.0	0.0	2.2448817918947728	0.0	3.040455155936812e+16	35005.786873421996	0.0	4.2343650637352335e+18	4875167.478656937
269.0	0.0	2.490364753752418	0.0	3.040592695161578e+16	38835.506485374026	0.0	4.28992301588586e+18	5479238.74744221
270.0	0.0	2.7606074883577407	0.0	3.040690385386914e+16	43051.137131056625	0.0	4.3459997123712896e+18	6153215.417393488
271.0	0.0	3.0578925450611045	0.0	3.0407486504330524e+16	47688.15357193658	0.0	4.402598048501243e+18	6904607.910375459
272.0	0.0	3.3846925333373195	0.0	3.040767909196218e+16	52784.96783102697	0.0	4.459720924952108e+18	7741670.28160926
273.0	0.0	3.74368418749163	0.0	3.0407485757296544e+16	58383.14441763835	0.0	4.517371247757032e+18	8673467.449790701
274.0	0.0	4.137763334850627	0.0	3.0406910593230624e+16	64527.629145957566	0.0	4.5755519282960614e+18	9709947.910094148
275.0	0.0	4.570060815959883	0.0	3.0405957645801096e+16	71266.99225587031	0.0	4.634265883286343e+18	10862022.326779775
276.0	0.0	5.04395940733916	0.0	3.040463091494722e+16	78653.68657233629	0.0	4.693516034772376e+18	12141648.426974893
277.0	0.0	5.563111799432069	0.0	3.04029343552545e+16	86744.3214681319	0.0	4.753305310116308e+18	13561922.643353214
278.0	0.0	6.131459684527946	0.0	3.0400871876685664e+16	95599.9534239567	0.0	4.813636641988307e+18	15137178.980937278
279.0	0.0	6.75325401163242	0.0	3.039844734529421e+16	105286.39400968405	0.0	4.874512968356962e+18	16883095.612157773
280.0	0.0	7.433076467511921	0.0	3.0395664583923388e+16	115874.53614088698	0.0	4.935937232479749e+18	18816809.734656528
281.0	0.0	8.175862245451308	0.0	3.0392527372893616e+16	127440.69949586331	0.0	4.997912382893535e+18	20957041.25820937
282.0	0.0	8.986924165622666	0.0	3.038903945067118e+16	140066.9960098575	0.0	5.060441373405162e+18	23324225.920579534
283.0	0.0	9.871978213388447	0.0	3.0385204514526444e+16	153841.7163954894	0.0	5.123527163082033e+18	25940658.46720324
284.0	0.0	10.837170564333263	0.0	3.038102622117712e+16	168859.738671039	0.0	5.187172716242805e+18	28830646.566367578
285.0	0.0	11.889106167355843	0.0	3.037650818741831e+16	185222.9597116639	0.0	5.251381002448089e+18	32020676.170077827
286.0	0.0	13.034878959730735	0.0	3.0371653990739452e+16	203040.75087234867	0.0	5.316154996491208e+18	35539589.071127936
287.0	0.0	14.282103790702461	0.0	3.0366467169929024e+16	222430.43876596398	0.0	5.381497678389017e+18	39418773.4491369
288.0	0.0	15.638950132859309	0.0	3.0360951225666268e+16	243517.81231452766	0.0	5.447412033372761e+18	43692368.24244649
289.0	0.0	17.11417766329314	0.0	3.035510962110117e+16	266437.65722731804	0.0	5.513901051878986e+18	48397482.22897664
290.0	0.0	18.717173799350572	0.0	3.0348945782421396e+16	291334.3190952752	0.0	5.58096772954048e+18	53574428.747378215
291.0	0.0	20.45799327664088	0.0	3.0342463099409636e+16	318362.29632755904	0.0	5.6486150671773e+18	59266977.04023914
292.0	0.0	22.34739985987588	0.0	3.0335664925987424e+16	347686.86419285834	0.0	5.716846070787801e+18	65522621.25372798
293.0	0.0	24.39691028007669	0.0	3.0328554580748824e+16	379484.7312652872	0.0	5.785663751539723e+18	72392868.18297675
294.0	0.0	26.618840494697693	0.0	3.032113534748376e+16	413944.7296123243	0.0	5.855071125761367e+18	79933544.90979996
295.0	0.0	29.02635437027785	0.0	3.0313410475688884e+16	451268.5401001549	0.0	5.925071214932744e+18	88205127.53906445
296.0	0.0	31.633514890351325	0.0	3.030538318107018e+16	491671.4542303287	0.0	5.995667045676822e+18	97273092.30229907
297.0	0.0	34.455337994496354	0.0	3.02970566460339e+16	535383.1739599968	0.0	6.066861649750806e+18	107208290.36192754
298.0	0.0	37.5078491576241	0.0	3.0288434020167772e+16	582648.6509972338	0.0	6.138658064037447e+18	118087347.71705763
299.0	0.0	40.80814282185485	0.0	3.0279518420713356e+16	633728.967102037	0.0	6.211059330536417e+18	129993091.68199055
