T	46_TPD_HH	46_rate_HH	46_TPD_full	46_pre_full	46_rate_full	46_TPD_Tait	46_pre_Tait	46_rate_Tait
1.0	0.0	0.0	0.0	13437439399.914867	0.0	0.0	13437439399.91487	0.0
2.0	0.0	0.0	0.0	152027272343.40955	0.0	0.0	152027272343.40955	0.0
3.0	0.0	0.0	0.0	628406849635.5706	0.0	0.0	628406849635.5707	0.0
4.0	0.0	0.0	0.0	1719992243186.1023	0.0	0.0	1719992243189.1033	0.0
5.0	0.0	0.0	0.0	3755878491387.4087	0.0	0.0	3755878492717.955	0.0
6.0	2.1873657348539732e-301	8.749462939415892e-303	1.0321076748011132e-300	7109611829179.941	4.1284306992044525e-302	1.0321076873383865e-300	7109611915542.198	4.1284307493535464e-302
7.0	9.607675813685408e-257	3.8430703254741636e-258	7.77563106706513e-256	12194376302541.258	3.1102524268260517e-257	7.775632250193184e-256	12194378158018.787	3.1102529000772737e-257
8.0	2.915045196098352e-223	1.1660180784393408e-224	3.764731736487433e-222	19459470973490.63	1.5058926945949732e-223	3.764735583827836e-222	19459490859956.42	1.5058942335311346e-223
9.0	3.2080100553094495e-197	1.2832040221237798e-198	6.256864667622005e-196	29387546377463.645	2.502745867048802e-197	6.256893110128906e-196	29387679967613.832	2.5027572440515623e-197
10.0	2.1854563126168954e-176	8.741825250467582e-178	6.163249776765658e-175	42492269392962.984	2.465299910706263e-176	6.163343334694908e-175	42492914424217.195	2.465337333877963e-176
11.0	2.42684898917143e-159	9.707395956685721e-161	9.553741837462473e-158	59316160988864.234	3.821496734984989e-159	9.5541352086388e-158	59318603306065.23	3.82165408345552e-159
12.0	3.888160677862897e-145	1.5552642711451586e-146	2.075445337588784e-143	80428391377841.72	8.301781350355137e-145	2.0756436578150047e-143	80436076753353.05	8.302574631260019e-145
13.0	4.0671390377506246e-133	1.6268556151002498e-134	2.872629389313198e-131	106422355438226.66	1.1490517557252792e-132	2.8731942207137835e-131	106443280757830.84	1.1492776882855134e-132
14.0	8.16611067151822e-123	3.266444268607288e-124	7.474426140382874e-121	137912896611474.64	2.9897704561531497e-122	7.477176254915341e-121	137963639806211.25	2.9908705019661366e-122
15.0	6.940496429681956e-114	2.776198571872782e-115	8.085507168023057e-112	175533098148745.53	3.234202867209223e-113	8.090664150797314e-112	175645054163953.22	3.236265660318926e-113
16.0	4.518890946138942e-106	1.807556378455577e-107	6.595918122313613e-104	219930611683542.28	2.638367248925445e-105	6.60276790843922e-104	220159007128205.22	2.641107163375688e-105
17.0	3.5477488228603043e-99	1.4190995291441217e-100	6.398847626453735e-97	271763539864624.6	2.5595390505814937e-98	6.409118792647143e-97	272199763485846.44	2.563647517058857e-98
18.0	4.7796345746605705e-93	1.9118538298642283e-94	1.052186070844204e-90	331695928736865.4	4.208744283376816e-92	1.0546848162401784e-90	332483644615036.7	4.218739264960714e-92
19.0	1.4599625246828855e-87	5.839850098731542e-89	3.879590154116724e-85	400392954816989.75	1.5518360616466895e-86	3.892723378408595e-85	401748368732275.8	1.5570893513634379e-86
20.0	1.2635211932115972e-82	5.054084772846389e-84	4.012699397932342e-80	478515910873393.2	1.6050797591729368e-81	4.031454359339506e-80	480752447067898.25	1.6125817437358023e-81
21.0	3.710805513248826e-78	1.4843222052995304e-79	1.3957004753322457e-75	566717103836146.5	5.5828019013289834e-77	1.404461881696385e-75	570274628482711.1	5.6178475267855395e-77
22.0	4.286474329692052e-74	1.7145897318768209e-75	1.893624858059023e-71	665634779283287.8	7.574499432236093e-73	1.909210622044182e-71	671113386371735.4	7.636842488176729e-73
23.0	2.2000199098691552e-70	8.800079639476621e-72	1.1328788287469496e-67	775888181198068.2	4.5315153149877984e-69	1.1448491579289818e-67	784086442743534.6	4.579396631715927e-69
24.0	5.5534661369670214e-67	2.2213864547868085e-68	3.310041249736421e-64	898072844916457.1	1.3240164998945683e-65	3.354113123382747e-64	910030325189401.4	1.3416452493530988e-65
25.0	7.508682313694276e-64	3.0034729254777108e-65	5.146586270046121e-61	1032756207070243.0	2.0586345080184484e-62	5.231521232238383e-61	1049799953118349.0	2.0926084928953533e-62
26.0	5.8447889967261224e-61	2.337915598690449e-62	4.579128485755772e-58	1180473600382376.8	1.8316513943023089e-59	4.6714293712769585e-58	1204268250169691.8	1.8685717485107834e-59
27.0	2.785300555374203e-58	1.1141202221496813e-59	2.4802370387567634e-55	1341724684643841.5	9.920948155027054e-57	2.5405015963901416e-55	1374325780152993.2	1.0162006385560567e-56
28.0	8.5653622157728e-56	3.42614488630912e-57	8.623439852533211e-53	1516970349080090.0	3.4493759410132846e-54	8.873052984197441e-53	1560880404226404.8	3.5492211936789765e-54
29.0	1.778691807114214e-53	7.114767228456856e-55	2.0146417070829407e-50	1706630106316957.2	8.058566828331762e-52	2.0833773060144274e-50	1764856957324650.5	8.33350922405771e-52
30.0	2.5942605416991148e-51	1.0377042166796459e-52	3.2904111436936215e-48	1911079984755635.0	1.3161644574774486e-49	3.421465880630681e-48	1987196942099355.5	1.3685863522522724e-49
31.0	2.7501221911974416e-49	1.1000488764789766e-50	3.8888572755923034e-46	2130650914630827.0	1.5555429102369215e-47	4.068104971528525e-46	2228858238846347.5	1.6272419886114102e-47
32.0	2.183333408536553e-47	8.733333634146212e-49	3.427868480487385e-44	2365627593455392.5	1.371147392194954e-45	3.609268707536173e-44	2490814830074422.0	1.4437074830144692e-45
33.0	1.3327272248171214e-45	5.330908899268486e-47	2.3140772902821756e-42	2616247808921175.5	9.256309161128703e-44	2.4536594797581453e-42	2774056538523459.0	9.814637919032581e-44
34.0	6.401640406900881e-44	2.5606561627603525e-45	1.2247537185190534e-40	2882702191512353.0	4.899014874076214e-42	1.308403558975139e-40	3079588777571463.0	5.2336142359005564e-42
35.0	2.4699653835577903e-42	9.879861534231161e-44	5.188486977725756e-39	3165134364919114.0	2.0753947910903023e-40	5.5873162501099025e-39	3408432313083584.0	2.234926500043961e-40
36.0	7.795908597661768e-41	3.118363439064707e-42	1.7920799514204037e-37	3463641459609949.0	7.168319805681615e-39	1.9462549186933653e-37	3761623035854570.5	7.785019674773461e-39
37.0	2.045908342970773e-39	8.183633371883092e-41	5.130237203829539e-36	3778274953412513.5	2.0520948815318155e-37	5.621684123599704e-36	4140211743881635.0	2.2486736494398816e-37
38.0	4.5297103523998734e-38	1.8118841409599494e-39	1.235289372313504e-34	4109041802453434.5	4.941157489254016e-36	1.3664295720733187e-34	4545263933779612.0	5.4657182882932754e-36
39.0	8.572168087809603e-37	3.428867235123842e-38	2.535037540885221e-33	4455905826116692.0	1.0140150163540884e-34	2.8319855610745605e-33	4977859600715806.0	1.1327942244298242e-34
40.0	1.4029735474268643e-35	5.611894189707457e-37	4.4868870195251154e-32	4818789310619695.0	1.7947548078100462e-33	5.064466282775387e-32	5439093046299801.0	2.0257865131101545e-33
41.0	2.007013902769822e-34	8.028055611079288e-36	6.923231309965219e-31	5197574797220268.0	2.769292523986088e-32	7.898927200977614e-31	5930072693914531.0	3.1595708803910453e-32
42.0	2.5337132855532784e-33	1.0134853142213114e-34	9.403524409612909e-30	5592107022823484.0	3.7614097638451637e-31	1.0849362418861154e-29	6451920911020224.0	4.339744967544462e-31
43.0	2.847388064975056e-32	1.1389552259900225e-33	1.1342648477008243e-28	6002194982745698.0	4.537059390803297e-30	1.3239161703730395e-28	7005773838003057.0	5.295664681492158e-30
44.0	2.871110710178357e-31	1.1484442840713429e-32	1.2247781961310938e-27	6427614087526105.0	4.899112784524375e-29	1.4468001288669774e-27	7592781223176349.0	5.787200515467909e-29
45.0	2.6163370467459663e-30	1.0465348186983865e-31	1.1925828075493772e-26	6868108387882231.0	4.770331230197509e-28	1.426302754133265e-26	8214106263574167.0	5.70521101653306e-28
46.0	2.1688625044527762e-29	8.675450017811105e-31	1.0541491555200165e-25	7323392844131693.0	4.216596622080066e-27	1.2769052230433555e-25	8870925451206254.0	5.1076208921734226e-27
47.0	1.645416345201639e-28	6.581665380806556e-30	8.510339173267414e-25	7793155618606422.0	3.404135669306965e-26	1.0444617543159552e-24	9564428424468790.0	4.177847017263821e-26
48.0	1.1487303889813737e-27	4.594921555925495e-29	6.310328182404237e-24	8277060371736659.0	2.5241312729616947e-25	7.849403829437536e-24	1.029581782442919e+16	3.139761531775014e-25
49.0	7.417481300609963e-27	2.9669925202439854e-28	4.31965292081949e-23	8774748544557790.0	1.727861168327796e-24	5.447747525125699e-23	1.106630915572409e+16	2.1790990100502796e-24
50.0	4.4505374860348824e-26	1.780214994413953e-27	2.7427829948623805e-22	9285841612379484.0	1.0971131979449522e-23	3.5081787240658415e-22	1.1877130651828866e+16	1.4032714896263367e-23
51.0	2.492006064304e-25	9.968024257216e-27	1.6224574092427877e-21	9809943296240746.0	6.489829636971151e-23	2.105324008324743e-21	1.272952314447438e+16	8.421296033298972e-23
52.0	1.3073322938273514e-24	5.229329175309406e-26	8.977245732433364e-21	1.0346641720552578e+16	3.590898292973346e-22	1.1821481960857583e-20	1.3624739937002348e+16	4.728592784343033e-22
53.0	6.4493061951855224e-24	2.579722478074209e-25	4.6635682119067907e-20	1.089551150699652e+16	1.8654272847627164e-21	6.233798669919619e-20	1.456404668146544e+16	2.4935194679678478e-21
54.0	3.001941512618148e-23	1.2007766050472592e-24	2.2824293033778176e-19	1.1456115796302012e+16	9.129717213511271e-21	3.097808861509115e-19	1.5548721259290782e+16	1.239123544603646e-20
55.0	1.322570334401664e-22	5.290281337606656e-24	1.0557721592769735e-18	1.2028008190967996e+16	4.223088637107894e-20	1.4553331508642289e-18	1.6580053665338196e+16	5.821332603456916e-20
56.0	5.531339422877984e-22	2.2125357691511937e-23	4.629439454190132e-18	1.2610734613326972e+16	1.8517757816760528e-19	6.48280018009501e-18	1.765934589519504e+16	2.593120072038004e-19
57.0	2.2019913646371976e-21	8.807965458548791e-23	1.929627215015294e-17	1.3203835074572944e+16	7.718508860061176e-19	2.745692125541552e-17	1.8787911835559876e+16	1.0982768502166209e-18
58.0	8.365121974497434e-21	3.3460487897989733e-22	7.665216953660425e-17	1.380684535149446e+16	3.06608678146417e-18	1.1085224354072532e-16	1.996707715757628e+16	4.434089741629013e-18
59.0	3.039650151965461e-20	1.2158600607861845e-21	2.9088776116209475e-16	1.4419298568670452e+16	1.1635510446483793e-17	4.276415293443234e-16	2.1198179212987e+16	1.7105661173772938e-17
60.0	1.0588264403050859e-19	4.235305761220344e-21	1.0569423756924587e-15	1.504072668480622e+16	4.227769502769836e-17	1.5798955864160163e-15	2.2482566932986012e+16	6.319582345664068e-17
61.0	3.542978337323492e-19	1.4171913349293968e-20	3.684796857830557e-15	1.5670661882712116e+16	1.473918743132225e-16	5.601407277758895e-15	2.3821600729653852e+16	2.240562911103563e-16
62.0	1.1410114271566492e-18	4.564045708626597e-20	1.2349955600214827e-14	1.6308637863163998e+16	4.939982240085957e-16	1.9095680469294732e-14	2.521665239986813e+16	7.638272187717951e-16
63.0	3.543003775417048e-18	1.4172015101668192e-19	3.9866343168876825e-14	1.6954191043535004e+16	1.594653726755101e-15	6.271013995689764e-14	2.6669105031587084e+16	2.508405598275973e-15
64.0	1.0625440853463273e-17	4.250176341385309e-19	1.2416140639805983e-13	1.760686166265946e+16	4.966456255922678e-15	1.9872435630132102e-13	2.8180352912410268e+16	7.948974252053552e-15
65.0	3.082510942801778e-17	1.2330043771207113e-18	3.7368909536948133e-13	1.8266194793885296e+16	1.4947563814781968e-14	6.086611848444933e-13	2.9751801440325652e+16	2.4346447393786746e-14
66.0	8.663465417878032e-17	3.465386167151213e-18	1.0885287896283966e-12	1.893174126869512e+16	4.354115158516004e-14	1.8045530436458746e-12	3.13848670365571e+16	7.218212174589972e-14
67.0	2.362199470360089e-16	9.448797881440358e-18	3.0732516056771774e-12	1.96030585136357e+16	1.2293006422728918e-13	5.186239983802297e-12	3.308097706043151e+16	2.0744959935265232e-13
68.0	6.2568004563087e-16	2.502720182523481e-17	8.4211574207779e-12	2.0279711303592188e+16	3.3684629683270495e-13	1.4467974373892577e-11	3.4841569726188344e+16	5.787189749602678e-13
69.0	1.6119023010141089e-15	6.447609204056442e-17	2.2424050920586222e-11	2.0961272434685124e+16	8.969620368352334e-13	3.922697012106753e-11	3.666809402165918e+16	1.5690788048777788e-12
70.0	4.043756244136605e-15	1.6175024976546465e-16	5.809608747594117e-11	2.164732332025747e+16	2.323843499120288e-12	1.0349094211038433e-10	3.856200962874804e+16	4.1396376846703026e-12
71.0	9.889440157000337e-15	3.9557760628001616e-16	1.466098336770895e-10	2.233745451356055e+16	5.864393347632829e-12	2.6598072108926514e-10	4.052478684564691e+16	1.0639228845326862e-11
72.0	2.3602229451253096e-14	9.440891780501394e-16	3.607684540620072e-10	2.3031266160848196e+16	1.4430738165947537e-11	6.666394296272115e-10	4.2557906510724696e+16	2.666557719658277e-11
73.0	5.5024778927018306e-14	2.2009911570808207e-15	8.665305837395192e-10	2.372836838864758e+16	3.466122337041343e-11	1.6310322493225715e-09	4.46628599280297e+16	6.524129004451781e-11
74.0	1.254278167177389e-13	5.017112668710033e-15	2.033509807404307e-09	2.442838162900422e+16	8.134039241554476e-11	3.8992323269656755e-09	4.684114879435017e+16	1.5596929350422446e-10
75.0	2.797979336418439e-13	1.1191917345676226e-14	4.666710862432744e-09	2.5130936886491628e+16	1.866684351508503e-10	9.116605322260421e-09	4.909428512777898e+16	3.6466421530739605e-10
76.0	6.113289080642237e-13	2.4453156322581187e-14	1.0482200709077032e-08	2.5835675950747652e+16	4.19288031787737e-10	2.086395949150871e-08	5.1423791197731304e+16	8.345583928001061e-10
77.0	1.309275570784627e-12	5.23710228314433e-14	2.3063569905418222e-08	2.6542251558244532e+16	9.225428134221417e-10	4.6775971764631764e-08	5.383119945636703e+16	1.8710389390812427e-09
78.0	2.7506872859933656e-12	1.10027491440001e-13	4.9747429052538856e-08	2.7250327506924676e+16	1.9898972451072493e-09	1.0281264334295419e-07	5.6318052471371304e+16	4.112506076637409e-09
79.0	5.673058266921788e-12	2.2692233067804514e-13	1.0527022255531223e-07	2.795957872724401e+16	4.210809287337265e-09	2.2171047613619998e-07	5.888590286004899e+16	8.868420696722552e-09
80.0	1.1493585576675454e-11	4.59743423072004e-13	2.1869365270128321e-07	2.8669691313058452e+16	8.747747829006344e-09	4.6940157548260454e-07	6.153631322469098e+16	1.8776070678206375e-08
81.0	2.2889588786255867e-11	9.155835514706874e-13	4.463265002459779e-07	2.9380362515672216e+16	1.7853067426447204e-08	9.76358715835126e-07	6.427085608917142e+16	3.905438289617405e-08
82.0	4.483662390849255e-11	1.7934649564208166e-12	8.954290983779603e-07	3.0091300704239296e+16	3.5817194800634856e-08	1.996433340409566e-06	6.70911138367383e+16	7.985748164563339e-08
83.0	8.643622050405325e-11	3.457448820473524e-12	1.766992930151464e-06	3.0802225295576344e+16	7.06798414032949e-08	4.015518691843143e-06	6.999867864895903e+16	1.606213660822474e-07
84.0	1.6408544042058006e-10	6.563417617981651e-12	3.4317381408728903e-06	3.1512866656305464e+16	1.372700093982302e-07	7.949107389747519e-06	7.299515244578702e+16	3.179667965958756e-07
85.0	3.068936293024375e-10	1.227574517627845e-11	6.5630857462413515e-06	3.2222965980103284e+16	2.625252559521095e-07	1.5496066692139647e-05	7.608214682671469e+16	6.198524704833899e-07
86.0	5.65810119900394e-10	2.2632404810669782e-11	1.2366428424985792e-05	3.293227514268639e+16	4.946638243583271e-07	2.9762946520542338e-05	7.926128301298034e+16	1.1905551380483901e-06
87.0	1.0287976533923528e-09	4.1151906185623294e-11	2.2968868883516793e-05	3.3640556537020532e+16	9.187785383142634e-07	5.635014744031637e-05	8.253419179079822e+16	2.2541435665919816e-06
88.0	1.8457273646666536e-09	7.382909475219743e-11	4.2072684910553036e-05	3.434758289109209e+16	1.6829896176926914e-06	0.0001052156001847	8.590251345558213e+16	4.209118258418874e-06
89.0	3.268710261769775e-09	1.307484110052663e-10	7.603639910998137e-05	3.505313707044042e+16	3.0417325399515526e-06	0.0001938291009980016	8.936789775713278e+16	7.75489058479064e-06
90.0	5.716643185233267e-09	2.2866572909151586e-10	0.00013563991327325423	3.575701186750606e+16	5.426502558131299e-06	0.0003524383798671893	9.293200384576299e+16	1.4103408821461839e-05
91.0	9.877294981836531e-09	3.9509180443856285e-10	0.0002389291692806636	3.645900977971272e+16	9.56005967675531e-06	0.0006327367713914996	9.659650021933323e+16	2.5328946459110594e-05
92.0	1.6866934907818563e-08	6.746774117969015e-10	0.0004157401735471466	3.715894277806674e+16	1.6638617293259012e-05	0.0011219116383656019	1.0036306467117243e+17	4.49394546399181e-05
93.0	2.847720001272091e-08	1.1390880458643588e-09	0.0007147942542009744	3.78566320679268e+16	2.861916651297002e-05	0.0019650088163873907	1.0423338423885982e+17	7.879920681770465e-05
94.0	4.7552828545775655e-08	1.902113271735088e-09	0.0012146557085128962	3.855190784347237e+16	4.8667603829441634e-05	0.0033997294490999406	1.0820915515384403e+17	0.00013660232627469183
95.0	7.856369984981382e-08	3.1425483580486936e-09	0.0020403477688064843	3.924460903727771e+16	8.185018954401942e-05	0.00580883984186391	1.1229208279187752e+17	0.00023420104025185772
96.0	1.284625260506527e-07	5.138502041008079e-09	0.0033879603686335223	3.9934583066283656e+16	0.00013618942964835497	0.009795134072185345	1.1648388162424338e+17	0.0003972465012418247
97.0	2.079584686058637e-07	8.31834143000783e-09	0.005559889177220501	4.0621685575349144e+16	0.00022426029836231215	0.016279000601829276	1.2078627516975523e+17	0.0006668252615317238
98.0	3.3339075884999157e-07	1.333563743298437e-08	0.009012687961058414	4.130578017946061e+16	0.000365579910420893	0.02660075612586517	1.2520099594750854e+17	0.0011081008198909768
99.0	5.294601107790749e-07	2.1178422734040484e-08	0.014416106867028855	4.198673820557648e+16	0.0005901514291779533	0.042560320631342845	1.2972978543036456e+17	0.0018234381033321256
100.0	8.331758174502345e-07	3.332707914539272e-08	0.022711734589101366	4.266443843499303e+16	0.0009436718490285446	0.06620978427054149	1.3437439399914867e+17	0.0029721552069758893
101.0	1.2995112323146896e-06	5.198056504596672e-08	0.035134678467475006	4.333876684702777e+16	0.0014951172736787886	0.09898267072724772	1.3913658089754386e+17	0.0047999867240059845
102.0	2.0094404087183837e-06	8.03778997909531e-08	0.053107821667524625	4.400961636473447e+16	0.002347696487516117	0.13941626852495576	1.4401811418766298e+17	0.007682657763133887
103.0	3.0812672930413834e-06	1.2325137401789953e-07	0.07781807459069215	4.4676886603286264e+16	0.0036545371708134474	0.1787203068095251	1.4902077070628227e+17	0.012189791795592967
104.0	4.686472624042026e-06	1.8746052032355832e-07	0.10914202047657914	4.5340483621590936e+16	0.005640968563782049	0.1954891237489707	1.5414633602172054e+17	0.019177886212634963
105.0	7.0717130944901964e-06	2.828722869853251e-07	0.14352521164557716	4.600031967763524e+16	0.008635927041337222	0.15878660632404692	1.5939660439134755e+17	0.02992451912958823
106.0	1.058913750224148e-05	4.235741305241639e-07	0.17091857067651342	4.665631298799144e+16	0.013115883694703085	0.0	1.6477337871970634e+17	0.04632060128341424
107.0	1.573786598330675e-05	6.295341324795681e-07	0.1731181530592318	4.7308387491862424e+16	0.01976583385184295	0.0	1.7027847051723696e+17	0.07114374712874291
108.0	2.3220347344637178e-05	9.288572735258307e-07	0.13098052326838178	4.795647261998661e+16	0.029563369466718656	0.0	1.7591369985958314e+17	0.10844420823892868
109.0	3.4018408727379936e-05	1.3608315019914266e-06	0.0	4.8600503068675624e+16	0.04389376479001667	0.0	1.816808953474737e+17	0.16408592470643651
110.0	4.9495190374110485e-05	1.9800134195848417e-06	0.0	4.924041857921071e+16	0.06470645137703004	0.0	1.875818940671602e+17	0.24649990917811693
111.0	7.153087051124419e-05	2.8616739048576935e-06	0.0	4.987616372278386e+16	0.09472637070275494	0.0	1.936185415514011e+17	0.3677263921873477
112.0	0.00010270218823675848	4.1090119219001355e-06	0.0	5.050768769112909e+16	0.13773762838101355	0.0	1.997926917409798e+17	0.5448471863639635
113.0	0.00014651831947389043	5.862653790455949e-06	0.0	5.113494409295678e+16	0.19896182092087406	0.0	2.0610620694674307e+17	0.8019421349649378
114.0	0.00020772869154099527	8.313089625588245e-06	0.0	5.1757890756270456e+16	0.2855595872261165	0.0	2.1256095781215005e+17	1.1727452275645889
115.0	0.00029272183949895534	1.1716863499966352e-05	0.0	5.23764895366177e+16	0.40729161633357913	0.0	2.1915882327631747e+17	1.704229362366327
116.0	0.0004100383446682289	1.64175349421638e-05	0.0	5.299070613130181e+16	0.577384830016086	0.0	2.2590169053755526e+17	2.4614167033023557
117.0	0.0005710250522930685	2.287267334424728e-05	0.0	5.360050989955342e+16	0.8136611158450392	0.0	2.3279145501737613e+17	3.533797633708828
118.0	0.0007906617059493316	3.168844137091662e-05	0.0	5.420587368864764e+16	1.1400002337740085	0.0	2.3983002032497312e+17	5.043849690660999
119.0	0.00108859402387536	4.3663677272568735e-05	0.0	5.480677366592536e+16	1.588225843482528	0.0	2.4701929822215338e+17	7.158283676151833
120.0	0.001490407572288745	5.984580901066388e-05	0.0	5.540318915666847e+16	2.2005245596753493	0.0	2.543612085887175e+17	10.10281348507547
121.0	0.002029171976653741	8.160143648541164e-05	0.0	5.599510248775759e+16	3.0325331778297806	0.0	2.6185767938827846e+17	14.181456329829615
122.0	0.002747270759214409	0.00011070501447127084	0.0	5.658249883703345e+16	4.157259451537715	0.0	2.695106466345063e+17	19.801629585825573
123.0	0.0036985014829385284	0.0001494497721553816	0.0	5.716536608826823e+16	5.670037869271659	0.0	2.7732205435779392e+17	27.506629586959058
124.0	0.004950373113568582	0.00020078583106236477	0.0	5.774369469164611e+16	7.694764702818133	0.0	2.8529385457233248e+17	38.01746829358508
125.0	0.006586426278133167	0.0002684914489456006	0.0	5.831747752964202e+16	10.391707225017793	0.0	2.934280072435901e+17	52.28651978895881
126.0	0.008708233841519994	0.00035738444202026195	0.0	5.8886709788182104e+16	13.967241586099753	0.0	3.017264802561839e+17	71.56600628258292
127.0	0.011436471913218067	0.0004735821426706858	0.0	5.945138883296296e+16	18.685943691589387	0.0	3.101912493821391e+17	97.49505155991724
128.0	0.014910045532437908	0.0006248197574041219	0.0	6.001151409080188e+16	24.885538975006536	0.0	3.18824298249526e+17	132.2098703969172
129.0	0.019281668703759407	0.0008208387253010177	0.0	6.056708693588764e+16	32.995311786679395	0.0	3.276276183114693e+17	178.48267042390643
130.0	0.024707513962773542	0.0010738586675852672	0.0	6.111811058079825e+16	43.55868496156471	0.0	3.366032088155194e+17	239.89604702298203
131.0	0.03132760459785347	0.001399148793424866	0.0	6.166458997214711e+16	57.260806881134876	0.0	3.4575307677338323e+17	321.06108492120643
132.0	0.0392327172564334	0.0018157172170944092	0.0	6.2206531690721976e+16	74.96212907216047	0.0	3.5507923693100275e+17	427.88907959059287
133.0	0.048413194512697294	0.002347139580842777	0.0	6.274394385597981e+16	97.73912432728919	0.0	3.6458371173897734e+17	567.9287998082124
134.0	0.058686275009626775	0.0030225517021200046	0.0	6.327683603475623e+16	126.93348590591383	0.0	3.742685313233237e+17	750.783577732328
135.0	0.06960317440484921	0.0038778347113869226	0.0	6.380521915405363e+16	164.21136517860856	0.0	3.8413573345656557e+17	988.6252886693705
136.0	0.08034792731239995	0.004957025357954643	0.0	6.4329105417770584e+16	211.63445089925548	0.0	3.9418736352914726e+17	1296.8255300635806
137.0	0.08965991506085184	0.006313988878773346	0.0	6.484850822723672e+16	271.7449710975598	0.0	4.0442547452116595e+17	1694.7280961308577
138.0	0.09584180046836567	0.008014397093555559	0.0	6.5363442105417304e+16	347.6670115398452	0.0	4.1485212697441786e+17	2206.5912468858564
139.0	0.0969468103583043	0.010138060255893058	0.0	6.587392262465825e+16	443.22689615261174	0.0	4.254693889647467e+17	2862.733372556183
140.0	0.0912481783049799	0.012781667702910341	0.0	6.637996633783842e+16	563.0957682696743	0.0	4.3627933607469875e+17	3700.9215502890197
141.0	0.07802572458346509	0.01606199955615163	0.0	6.6881590712801976e+16	712.9579507571252	0.0	4.472840513664695e+17	4768.0492833664375
142.0	0.05849074358211548	0.02011967968623999	0.0	6.7378814069947256e+16	899.7091518726339	0.0	4.5848562535514144e+17	6122.157518323792
143.0	0.03630032001017988	0.025123548917340102	0.0	6.78716555228477e+16	1131.6891261729975	0.0	4.698861559822098e+17	7834.861978359836
144.0	0.016806470050054076	0.03127574707002306	0.0	6.836013492178479e+16	1418.954000102022	0.0	4.81487748589385e+17	9994.260070474229
145.0	0.004549522152934548	0.038817602979362285	0.0	6.8844272800079896e+16	1773.594134419405	0.0	4.932925158926705e+17	12708.402270162642
146.0	0.0	0.048036443136615446	0.0	6.932409032310553e+16	2210.104124854899	0.0	5.053025779567152e+17	16109.426126428863
147.0	0.0	0.05927344214607074	0.0	6.979960923987195e+16	2745.812342895366	0.0	5.175200621694269e+17	20358.46604122617
148.0	0.0	0.0729326518224772	0.0	7.0270851837076104e+16	3401.378295141633	0.0	5.299471032168493e+17	25651.468956633842
149.0	0.0	0.08949136053814863	0.0	7.0737840895513304e+16	4201.3670370023465	0.0	5.4258584305829555e+17	32226.065241890075
150.0	0.0	0.10951195042153739	0.0	7.120059964874698e+16	5174.910919483358	0.0	5.554384309017342e+17	40369.66563981278
151.0	0.0	0.1336554372697085	0.0	7.16591517439427e+16	6356.47008139113	0.0	5.6850702317942374e+17	50428.9793551206
152.0	0.0	0.16269689662405182	0.0	7.211352120476862e+16	7786.7043283288185	0.0	5.817937835237903e+17	62821.17551153399
153.0	0.0	0.1975429994291664	0.0	7.25637323962714e+16	9513.470369357898	0.0	5.953008827435462e+17	78046.94055572497
154.0	0.0	0.23925190210533093	0.0	7.300980999164309e+16	11592.959817035482	0.0	6.090304988000434e+17	96705.71805002836
155.0	0.0	0.2890557587700929	0.0	7.345177894078915e+16	14090.994901581138	0.0	6.229848167838623e+17	119513.45499937252
156.0	0.0	0.34838614779695753	0.0	7.388966444061914e+16	17084.500509959857	0.0	6.371660288916232e+17	147323.2207499902
157.0	0.0	0.4189027309497532	0.0	7.43234919069779e+16	20663.17294037911	0.0	6.515763344030299e+17	181149.1109497246
158.0	0.0	0.5025254910280107	0.0	7.475328694814578e+16	24931.367666640548	0.0	6.662179396581274e+17	222193.9004668813
159.0	0.0	0.6014709233468808	0.0	7.517907533983085e+16	30010.230439349525	0.0	6.810930580347825e+17	271880.96594526526
160.0	0.0	0.7182925874972209	0.0	7.560088300158368e+16	36040.098216399274	0.0	6.962039099263745e+17	331891.06127056904
161.0	0.0	0.85592645872564	0.0	7.601873597456826e+16	43183.198717376385	0.0	7.115527227197006e+17	404204.5981055865
162.0	0.0	1.017741552976155	0.0	7.643266040062522e+16	51626.67983936611	0.0	7.271417307730853e+17	491150.15931275295
163.0	0.0	1.207596336174911	0.0	7.684268250256125e+16	61586.00275851422	0.0	7.429731753946961e+17	595460.0560415717
164.0	0.0	1.4299014667443277	0.0	7.72488285656092e+16	73308.73527584766	0.0	7.5904930482106e+17	720333.8300616785
165.0	0.0	1.6896894606245711	0.0	7.765112491999973e+16	87078.78485008572	0.0	7.753723741957772e+17	869510.7021418599
166.0	0.0	1.9926919102760285	0.0	7.804959792458992e+16	103221.11379702642	0.0	7.919446455484306e+17	1047352.0755107696
167.0	0.0	2.3454249332481547	0.0	7.844427395149723e+16	122106.98232666527	0.0	8.087683877736876e+17	1258935.3213124142
168.0	0.0	2.755283571934111	0.0	7.88351793716868e+16	144159.7684372002	0.0	8.258458766105887e+17	1510160.2011418338
169.0	0.0	3.2306459140909918	0.0	7.922234054146715e+16	169861.417190942	0.0	8.431793946220282e+17	1807869.4208956256
170.0	0.0	3.7809877535822207	0.0	7.960578378984466e+16	199759.57556142102	0.0	8.607712311744084e+17	2159984.9610025072
171.0	0.0	4.417008662589177	0.0	7.998553540669654e+16	234475.47286446474	0.0	8.786236824174871e+17	2575661.99134937
172.0	0.0	5.1507704002208845	0.0	8.036162163171651e+16	274712.61076823715	0.0	8.967390512643913e+17	3065462.3556457357
173.0	0.0	5.995848638004839	0.0	8.073406864409856e+16	321266.3310178124	0.0	9.151196473718172e+17	3641549.8003635965
174.0	0.0	6.967499040141479	0.0	8.110290255291304e+16	375034.3333076298	0.0	9.337677871203921e+17	4317909.328563959
175.0	0.0	8.082838795611055	0.0	8.146814938814733e+16	437028.22018843936	0.0	9.52685793595217e+17	5110593.2797131
176.0	0.0	9.361044760200341	0.0	8.18298350923677e+16	508386.1505020295	0.0	9.718759965665727e+17	6037996.973867632
177.0	0.0	10.823569429215157	0.0	8.21879855129771e+16	590386.687594322	0.0	9.913407324707857e+17	7121167.013253342
178.0	0.0	12.494376026016031	0.0	8.254262639503003e+16	684463.9334620985	0.0	1.0110823443912741e+18	8384145.607193819
179.0	0.0	14.400194057492198	0.0	8.289378337457883e+16	792224.0450366876	0.0	1.0311031820397322e+18	9854354.578490937
180.0	0.0	16.57079675512056	0.0	8.32414819725248e+16	915463.2339954921	0.0	1.0514056017374934e+18	11563023.021686211
181.0	0.0	19.039301889257594	0.0	8.358574758893629e+16	1056187.356813518	0.0	1.0719919663970367e+18	13545662.917108098
182.0	0.0	21.842497514710928	0.0	8.392660549782261e+16	1216633.2072172945	0.0	1.0928646455036539e+18	15842597.360237543
183.0	0.0	25.021194277365925	0.0	8.426408084232616e+16	1399291.6287766334	0.0	1.1140260150972687e+18	18499546.44472885
184.0	0.0	28.620605984580944	0.0	8.459819863031731e+16	1606932.5710581858	0.0	1.1354784577544005e+18	21568276.24041832
185.0	0.0	32.69076021615897	0.0	8.492898373036469e+16	1842632.2185628475	0.0	1.1572243625702856e+18	25107316.73591764
186.0	0.0	37.28694082782343	0.0	8.525646086806083e+16	2109802.327567981	0.0	1.179266125141132e+18	29182755.069966875
187.0	0.0	42.47016427518552	0.0	8.558065462268765e+16	2412221.911987721	0.0	1.2016061475465324e+18	33869110.85770645
188.0	0.0	48.30769176308247	0.0	8.590158942419322e+16	2754071.42544122	0.0	1.224246838332005e+18	39250300.92851042
189.0	0.0	54.873579302768306	0.0	8.621928955046965e+16	3139969.5928710364	0.0	1.2471906124916895e+18	45420701.33210436
190.0	0.0	62.24926783764015	0.0	8.653377912491094e+16	3575013.0512712956	0.0	1.2704398914511647e+18	52486315.04048248
191.0	0.0	70.52421567688019	0.0	8.684508211423522e+16	4064818.965359766	0.0	1.2939971030504164e+18	60566054.3757809
192.0	0.0	79.79657555542241	0.0	8.715322232655467e+16	4615570.790346257	0.0	1.3178646815269363e+18	69793147.8298464
193.0	0.0	90.17391871794672	0.0	8.74582234096805e+16	5234067.360304849	0.0	1.3420450674989486e+18	80316681.61094683
194.0	0.0	101.77400850395587	0.0	8.776010884964586e+16	5927775.487033167	0.0	1.366540707948772e+18	92303286.95797157
195.0	0.0	114.72562599036645	0.0	8.80589019694363e+16	6704886.260673356	0.0	1.3913540562063127e+18	105938985.0037846
196.0	0.0	129.16945032721	0.0	8.835462592791371e+16	7574375.249757832	0.0	1.4164875719326835e+18	121431201.7481689
197.0	0.0	145.25899648092616	0.0	8.864730371891851e+16	8546066.804720765	0.0	1.441943721103947e+18	139010966.51823035
198.0	0.0	163.16161317819217	0.0	8.893695817054792e+16	9630702.675272156	0.0	1.4677249759949855e+18	158935308.15133774
199.0	0.0	183.0595439210951	0.0	8.922361194458699e+16	10840015.158346511	0.0	1.4938338151634941e+18	181489864.03374675
200.0	0.0	205.151054021613	0.0	8.950728753609338e+16	12186804.99960857	0.0	1.5202727234340948e+18	206991718.06814206
201.0	0.0	229.65162667968394	0.0	8.978800727311886e+16	13685024.27770389	0.0	1.5470441918825733e+18	235792484.62653187
202.0	0.0	256.79523120445543	0.0	9.006579331656205e+16	15349864.506574826	0.0	1.5741507178202227e+18	268281656.5723252
203.0	0.0	286.8356665524847	0.0	9.03406676601425e+16	17197850.1972059	0.0	1.6015948047783235e+18	304890236.50810367
204.0	0.0	320.04798342956263	0.0	9.061265213048712e+16	19246938.12610505	0.0	1.6293789624927206e+18	346094671.5246094
205.0	0.0	356.7299882743555	0.0	9.088176838732478e+16	21516622.56365892	0.0	1.6575057068885243e+18	392421112.8929251
206.0	0.0	397.20383251198757	0.0	9.114803792377502e+16	24028046.721199088	0.0	1.6859775600649257e+18	444450023.3566351
207.0	0.0	441.8176905339888	0.0	9.141148206673253e+16	26804120.681183722	0.0	1.71479705028011e+18	502821155.94506407
208.0	0.0	490.9475299274705	0.0	9.167212197733245e+16	29869646.080304336	0.0	1.7439667119363005e+18	568238929.543378
209.0	0.0	544.998977540893	0.0	9.192997865149725e+16	33251447.820574503	0.0	1.7734890855648922e+18	641478227.8213762
210.0	0.0	604.4092850363285	0.0	9.218507292055427e+16	36978513.088527374	0.0	1.8033667178117e+18	723390649.5413297
211.0	0.0	669.649397638204	0.0	9.243742545192205e+16	41082137.9675176	0.0	1.8336021614223186e+18	814911239.7366523
212.0	0.0	741.2261298465461	0.0	9.268705674985662e+16	45596081.932802	0.0	1.8641979752275763e+18	917065732.7790446
213.0	0.0	819.6844519382792	0.0	9.293398715625838e+16	50556730.52353924	0.0	1.8951567241291036e+18	1030978339.93251
214.0	0.0	905.609891132914	0.0	9.317823685152742e+16	56003266.490068324	0.0	1.9264809790849894e+18	1157880115.6289086
215.0	0.0	999.6310513492906	0.0	9.34198258554704e+16	61977849.718832605	0.0	1.9581733170955556e+18	1299117938.3928342
216.0	0.0	1102.422255527561	0.0	9.365877402824856e+16	68525806.24105912	0.0	1.99023632118922e+18	1456164144.093924
217.0	0.0	1214.7063145352752	0.0	9.389510107136944e+16	75695826.63480403	0.0	2.0226725804084598e+18	1630626851.01317
218.0	0.0	1337.2574267177486	0.0	9.412882652871182e+16	83540174.13316604	0.0	2.0554846897958756e+18	1824261018.0763955
219.0	0.0	1470.9042121919042	0.0	9.435996978758675e+16	92114902.75444765	0.0	2.088675250380345e+18	2038980279.5349927
220.0	0.0	1616.5328860178267	0.0	9.45885500798254e+16	101480085.77266403	0.0	2.122246869163289e+18	2276869601.35985
221.0	0.0	1775.0905744145673	0.0	9.481458648289688e+16	111700054.84917374	0.0	2.1562021591050063e+18	2540198806.661266
222.0	0.0	1947.5887782155432	0.0	9.503809792104915e+16	122843650.14824282	0.0	2.1905437391111196e+18	2831437019.555404
223.0	0.0	2135.1069877845157	0.0	9.525910316646997e+16	134984481.76110345	0.0	2.2252742340191165e+18	3153268079.0672827
224.0	0.0	2338.7964536344143	0.0	9.547762084046922e+16	148201202.76444393	0.0	2.260396274584965e+18	3508606976.8903327
225.0	0.0	2559.884117010884	0.0	9.569366941467624e+16	162577794.2404147	0.0	2.2959124974698301e+18	3900617375.1176095
226.0	0.0	2799.6767047160192	0.0	9.590726721225229e+16	178203862.58591196	0.0	2.33182554522688e+18	4332730262.413777
227.0	0.0	3059.5649924598747	0.0	9.611843240911586e+16	195174949.43936393	0.0	2.3681380662881797e+18	4808663809.517075
228.0	0.0	3341.028241034322	0.0	9.632718303517632e+16	213592854.5532653	0.0	2.404852714951664e+18	5332444487.441517
229.0	0.0	3645.6388096081605	0.0	9.653353697557958e+16	233565971.940466	0.0	2.441972151368206e+18	5908429514.295659
230.0	0.0	3975.0669504416414	0.0	9.673751197195787e+16	255209639.6215022	0.0	2.4794990415287726e+18	6541330699.241583
231.0	0.0	4331.085789315603	0.0	9.693912562368595e+16	278646503.2993226	0.0	2.51743605725165e+18	7236239754.791107
232.0	0.0	4715.576495962397	0.0	9.713839538914302e+16	304006894.2863629	0.0	2.555785876169764e+18	7998655151.3714
233.0	0.0	5130.533648774401	0.0	9.733533858697357e+16	331429222.00717163	0.0	2.5945511817180887e+18	8834510590.891356
234.0	0.0	5578.070798050964	0.0	9.752997239735397e+16	361060381.3977507	0.0	2.633734663121116e+18	9750205178.903402
235.0	0.0	6060.42623202474	0.0	9.772231386325426e+16	393056175.52019966	0.0	2.67333901538043e+18	10752635377.880482
236.0	0.0	6579.968949886582	0.0	9.791237989170472e+16	427581753.7085619	0.0	2.713366939262336e+18	11849228827.119085
237.0	0.0	7139.204846000456	0.0	9.81001872550554e+16	464812065.5584266	0.0	2.7538211412855997e+18	13047980117.83062
238.0	0.0	7740.78310946908	0.0	9.828575259223493e+16	504932331.069328	0.0	2.7947043337092275e+18	14357488615.098017
239.0	0.0	8387.502843177275	0.0	9.846909241000786e+16	548138527.2450615	0.0	2.836019234520357e+18	15786998421.554062
240.0	0.0	9082.319906401093	0.0	9.865022308422162e+16	594637891.4526476	0.0	2.8777685674222095e+18	17346440580.876373
241.0	0.0	9828.35398502903	0.0	9.882916086105462e+16	644649441.836113	0.0	2.919955061822108e+18	19046477622.496204
242.0	0.0	10628.89589339516	0.0	9.90059218582534e+16	698404515.0760642	0.0	2.962581452819593e+18	20898550552.280178
243.0	0.0	11487.415111675564	0.0	9.918052206636696e+16	756147321.7808114	0.0	3.005650481194596e+18	22914928397.369263
244.0	0.0	12407.567562745044	0.0	9.935297734996965e+16	818135519.788865	0.0	3.049164893395693e+18	25108760416.841263
245.0	0.0	13393.203632335415	0.0	9.952330344888165e+16	884640805.6567265	0.0	3.093127441528422e+18	27494131093.408558
246.0	0.0	14448.376436274606	0.0	9.969151597937563e+16	955949524.5991869	0.0	3.1375408833436877e+18	30086118024.962307
247.0	0.0	15577.350338523469	0.0	9.9857630435379e+16	1032363299.1428173	0.0	3.1824079822262195e+18	32900852838.43764
248.0	0.0	16784.609723658865	0.0	1.000216621896658e+17	1114199676.746036	0.0	3.2277315071831204e+18	35955585252.191505
249.0	0.0	18074.86802738114	0.0	1.0018362649503709e+17	1201792796.631734	0.0	3.2735142328324634e+18	39268750416.85977
250.0	0.0	19453.07702854824	0.0	1.0034353848549451e+17	1295494076.0706062	0.0	3.319758939391967e+18	42860039668.48785
251.0	0.0	20924.436406164194	0.0	1.0050141317740334e+17	1395672916.3453755	0.0	3.3664684126677545e+18	46750474831.62154
252.0	0.0	22494.403564666878	0.0	1.006572654706439e+17	1502717428.6175382	0.0	3.413645444043147e+18	50962486213.978775
253.0	0.0	24168.70373077566	0.0	1.0081111014975147e+17	1617035179.9095507	0.0	3.4612928304675517e+18	55519994438.31672
254.0	0.0	25953.34032507362	0.0	1.0096296188505013e+17	1739053959.4065268	0.0	3.509413374445408e+18	60448496261.154205
255.0	0.0	27854.60561141066	0.0	1.0111283523376976e+17	1869222565.2720766	0.0	3.5580098840251976e+18	65775154532.11001
256.0	0.0	29879.091627117257	0.0	1.012607446411567e+17	2008011612.1634302	0.0	3.6070851727885143e+18	71528892451.75447
257.0	0.0	32033.70139692581	0.0	1.0140670444157002e+17	2155914359.621045	0.0	3.656642059839213e+18	77740492290.0735
258.0	0.0	34325.660433398356	0.0	1.015507288595681e+17	2313447561.498033	0.0	3.7066833697926026e+18	84442698731.88658
259.0	0.0	36762.528526556875	0.0	1.0169283201098317e+17	2481152336.584167	0.0	3.757211932764729e+18	91670327019.8463
260.0	0.0	39352.21182530989	0.0	1.0183302790398514e+17	2659595060.568787	0.0	3.8082305843616835e+18	99460376069.98186
261.0	0.0	42102.975213163205	0.0	1.0197133044013216e+17	2849368279.476043	0.0	3.859742165669011e+18	107852146739.12999
262.0	0.0	45023.45498059555	0.0	1.021077534154123e+17	3051091644.6951275	0.0	3.911749523241155e+18	116887365428.01785
263.0	0.0	48122.67179636541	0.0	1.0224231052126986e+17	3265412869.7163696	0.0	3.9642555090909737e+18	126610313208.21628
264.0	0.0	51410.04397990908	0.0	1.0237501534562421e+17	3493008708.6734786	0.0	4.017262980679309e+18	137067960665.69951
265.0	0.0	54895.40107686973	0.0	1.025058813738734e+17	3734585956.779766	0.0	4.0707748009046195e+18	148310108658.2743
266.0	0.0	58588.99773968289	0.0	1.0263492198988882e+17	3990882472.7349806	0.0	4.1247938380926787e+18	160389535188.72504
267.0	0.0	62501.52791502785	0.0	1.027621504769966e+17	4262668223.167272	0.0	4.179322965986317e+18	173362148600.14032
268.0	0.0	66644.1393398307	0.0	1.0288758001894726e+17	4550746349.162637	0.0	4.2343650637352335e+18	187287147304.52747
269.0	0.0	71028.44834738148	0.0	1.0301122370087685e+17	4855954254.921979	0.0	4.28992301588586e+18	202227186260.49432
270.0	0.0	75666.55498501503	0.0	1.0313309451025088e+17	5179164718.57371	0.0	4.3459997123712896e+18	218248550420.52127
271.0	0.0	80571.05844466695	0.0	1.0325320533780355e+17	5521287025.157379	0.0	4.402598048501243e+18	235421335373.04675
272.0	0.0	85755.07280750282	0.0	1.0337156897846077e+17	5883268121.781013	0.0	4.459720924952108e+18	253819635409.39914
273.0	0.0	91232.24310367471	0.0	1.0348819813225269e+17	6266093794.941772	0.0	4.517371247757032e+18	273521739250.3513
274.0	0.0	97016.76168815757	0.0	1.0360310540521781e+17	6670789869.988519	0.0	4.5755519282960614e+18	294610333671.97296
275.0	0.0	103123.38493346557	0.0	1.0371630331029277e+17	7098423432.689982	0.0	4.634265883286343e+18	317172715275.2361
276.0	0.0	109567.45023991916	0.0	1.0382780426819258e+17	7550104072.859975	0.0	4.693516034772376e+18	341301010648.6902
277.0	0.0	116364.89336402793	0.0	1.039376206082795e+17	8026985149.979553	0.0	4.753305310116308e+18	367092405178.4885
278.0	0.0	123532.26606538915	0.0	1.0404576456942174e+17	8530265080.740912	0.0	4.813636641988307e+18	394649380764.8513
279.0	0.0	131086.75407240167	0.0	1.0415224830084104e+17	9061188648.426891	0.0	4.874512968356962e+18	424079962709.06335
280.0	0.0	139046.1953669268	0.0	1.0425708386294867e+17	9621048334.024479	0.0	4.935937232479749e+18	455497976039.93304
281.0	0.0	147429.09878794447	0.0	1.0436028322817314e+17	10211185668.961529	0.0	4.997912382893535e+18	489023311553.7436
282.0	0.0	156254.6629540661	0.0	1.0446185828177518e+17	10832992609.338514	0.0	5.060441373405162e+18	524782201846.5187
283.0	0.0	165542.79550467196	0.0	1.0456182082265438e+17	11487912931.51766	0.0	5.123527163082033e+18	562907507622.5123
284.0	0.0	175314.13265929557	0.0	1.0466018256414418e+17	12177443648.917414	0.0	5.187172716242805e+18	603539014567.7905
285.0	0.0	185590.0590947291	0.0	1.0475695513479717e+17	12903136449.846714	0.0	5.251381002448089e+18	646823741082.6853
286.0	0.0	196392.72813922956	0.0	1.0485215007916163e+17	13666599156.203335	0.0	5.316154996491208e+18	692916257172.0322
287.0	0.0	207745.08228302954	0.0	1.0494577885854605e+17	14469497202.844345	0.0	5.381497678389017e+18	741979014796.9559
288.0	0.0	219670.87400424766	0.0	1.0503785285177728e+17	15313555137.426773	0.0	5.447412033372761e+18	794182689997.0222
289.0	0.0	232194.68690916934	0.0	1.0512838335594493e+17	16200558140.502846	0.0	5.513901051878986e+18	849706537096.6143
290.0	0.0	245341.9571857168	0.0	1.0521738158713963e+17	17132353565.64222	0.0	5.58096772954048e+18	908738755314.2999
291.0	0.0	259138.99536880173	0.0	1.0530485868118062e+17	18110852499.340057	0.0	5.6486150671773e+18	971476868098.9694
292.0	0.0	273613.00841615524	0.0	1.0539082569433456e+17	19138031340.460514	0.0	5.716846070787801e+18	1038128115521.605
293.0	0.0	288792.1220930401	0.0	1.0547529360402526e+17	20215933398.948616	0.0	5.785663751539723e+18	1108909860056.3135
294.0	0.0	304705.40366418264	0.0	1.0555827330953307e+17	21346670513.535545	0.0	5.855071125761367e+18	1184050006089.4412
295.0	0.0	321382.8848911056	0.0	1.0563977563268877e+17	22532424688.1496	0.0	5.925071214932744e+18	1263787433500.412
296.0	0.0	338855.5853329061	0.0	1.0571981131855514e+17	23775449746.730534	0.0	5.995667045676822e+18	1348372445662.8723
297.0	0.0	357155.5359484422	0.0	1.0579839103610202e+17	25078073006.13889	0.0	6.066861649750806e+18	1438067232219.7961
298.0	0.0	376315.80299769103	0.0	1.0587552537887189e+17	26442696966.833557	0.0	6.138658064037447e+18	1533146346990.8206
299.0	0.0	396370.51224004733	0.0	1.0595122486563893e+17	27871801020.989914	0.0	6.211059330536417e+18	1633897201375.5012
