mol_iso_xtb	mol_def_xtb	mol_iso_cry	5A_complex	5A_ref	7_5A_complex	7_5A_ref	10A_complex	10A_ref	all_complex	all_ref	cry_des_all_complex	cry_des_all_ref	cry_des_all_opt_ref	cry_des_frag_complex	cry_des_frag_ref	cry_des_frag_opt_ref	cry_ads_all_complex	cry_ads_all_ref	cry_ads_frag_complex	cry_ads_frag_ref	cry_ads_mol_full_complex	cry_ads_mol_frag_complex	cry_ads_mol_only_complex
1539.36	1564.110785	1710.9410	"  64.16"	"  72.19"	"  40.82"	"  41.17"	"  27.75"	"  27.15"	"  11.54"	"   6.78"	30.7915	31.7351	31.1554	41.8079	42.194	43.6359	29.7141	30.7915	36.1467	45.7166	29.71	36.13	54.7591
3643.12	3501.552792	3737.0964	"  79.62"	"  74.43"	"  51.62"	"  53.97"	"  32.11"	"  34.83"	"  12.91"	"  12.17"	31.3198	34.0398	34.504	47.1376	46.87	49.6999	32.3969	31.3198	48.2011	55.7333	35.73	48.18	152.936
3651.33	3575.039511	3849.8593	"  88.23"	"  92.68"	"  57.54"	"  58.41"	"  36.31"	"  35.53"	"  13.87"	"  14.42"	49.7639	46.2919	45.7061	70.522	68.5294	77.0299	35.73	49.7639	49.4318	78.763	225.81	222.46	169.4903
			" 104.83"	" 107.10"	"  63.32"	"  60.11"	"  40.33"	"  37.57"	"  14.97"	"  15.14"	49.7987	50.6007	50.7432	76.5573	78.8482	84.0708	50.7326	49.7987	70.9511	85.6813	254.06	248.04	264.3797
			" 112.12"	" 139.15"	"  67.11"	"  63.14"	"  44.55"	"  42.63"	"  15.22"	"  16.04"	51.1249	52.6102	52.898	86.0213	83.3055	89.2305	51.3357	51.1249	83.4719	88.8604	449.07	258.09	470.6009
			" 126.11"	" 147.11"	"  70.53"	"  67.82"	"  46.85"	"  43.07"	"  16.37"	"  17.38"	52.5961	54.5125	54.1542	96.2359	88.5984	91.3834	54.6955	52.5961	92.3874	99.8009	1718.60	1715.62	780.616
			" 137.60"	" 164.47"	"  74.28"	"  70.57"	"  47.60"	"  47.03"	"  18.24"	"  19.25"	54.7934	56.3852	54.3496	97.2371	91.6181	103.0527	56.3927	54.7934	94.3174	107.1383	1731.82	1745.20	1730.5244
			" 149.10"	" 178.08"	"  82.06"	"  82.45"	"  48.89"	"  49.45"	"  19.63"	"  19.29"	64.0422	61.6248	63.3926	103.3973	108.5863	121.6458	58.0701	64.0422	113.2666	112.0764	3456.15	3455.64	3413.3278
			" 165.42"	" 191.45"	"  83.94"	"  85.87"	"  53.51"	"  51.31"	"  20.54"	"  20.80"	65.8587	63.0074	67.0421	131.0888	128.0849	131.5445	63.7947	65.8587	114.3028	139.4961	3817.29	3817.26	3817.1474
			" 170.77"	" 195.51"	"  88.23"	"  87.94"	"  55.00"	"  52.65"	"  20.92"	"  21.27"	67.8564	67.1346	68.6798	140.9921	131.99	138.5702	64.1294	67.8564	136.9893	158.0576			
			" 186.51"	" 217.91"	"  91.79"	"  88.81"	"  56.53"	"  53.78"	"  22.00"	"  22.08"	72.2186	69.7854	71.4587	156.6811	135.5096	143.0836	69.9558	72.2186	142.1556	163.6278			
			" 190.43"	" 232.85"	"  95.06"	"  93.43"	"  59.11"	"  57.78"	"  22.81"	"  23.53"	74.5819	73.4137	75.0402	160.6985	153.2617	153.323	71.4512	74.5819	165.3359	182.4609			
			" 202.19"	" 241.21"	"  95.89"	"  97.56"	"  59.69"	"  59.89"	"  23.49"	"  24.56"	79.2714	75.0512	76.6708	163.5287	195.8363	199.3203	74.7912	79.2714	184.9464	195.5461			
			" 207.40"	" 258.11"	"  98.93"	"  99.93"	"  60.84"	"  61.03"	"  23.80"	"  25.03"	81.3075	79.7103	79.1112	205.9467	204.3401	212.8253	77.2229	81.3075	200.4911	229.6078			
			" 235.15"	" 264.49"	" 104.93"	" 102.17"	"  61.47"	"  62.81"	"  24.49"	"  25.37"	83.4714	81.7544	82.3584	221.2723	211.937	221.263	80.053	83.4714	208.2627	237.3344			
			" 247.27"	" 268.71"	" 106.15"	" 105.67"	"  64.43"	"  63.21"	"  25.12"	"  25.84"	84.8707	83.1621	83.9941	223.235	219.3485	223.2007	84.4795	84.8707	222.3632	245.8334			
			" 272.67"	" 292.62"	" 110.89"	" 110.21"	"  66.36"	"  65.50"	"  25.60"	"  26.18"	85.174	86.5466	87.7548	229.4304	220.3861	230.6655	85.1448	85.174	237.3935	258.6282			
			" 287.31"	" 323.87"	" 115.80"	" 112.07"	"  67.41"	"  66.51"	"  26.04"	"  26.68"	85.8353	87.1396	88.0936	235.9273	229.9243	238.3566	85.7523	85.8353	238.3554	274.1871			
			" 305.48"	" 341.95"	" 121.08"	" 120.08"	"  68.73"	"  67.99"	"  26.98"	"  27.98"	90.9533	88.0788	91.9448	238.3827	241.9533	249.3454	87.8206	90.9533	248.1173	285.0514			
			" 313.58"	" 350.53"	" 125.84"	" 133.08"	"  69.89"	"  69.51"	"  27.49"	"  28.27"	91.04	94.7051	97.8909	252.2771	248.5058	257.5117	91.3558	91.04	258.1436	305.1553			
			" 329.96"	" 353.23"	" 130.45"	" 140.09"	"  70.67"	"  70.49"	"  29.04"	"  28.76"	104.1038	103.3165	104.2921	258.9412	253.5876	262.9564	94.547	104.1038	263.6213	348.6248			
			" 332.45"	" 357.35"	" 131.64"	" 144.49"	"  73.35"	"  71.88"	"  29.35"	"  29.21"	107.4481	104.4685	108.3948	267.6742	260.7248	270.431	107.2031	107.4481	274.5143	350.8577			
			" 351.18"	" 373.89"	" 135.63"	" 148.05"	"  74.65"	"  73.44"	"  29.57"	"  29.69"	114.5852	111.3471	117.7084	273.8792	277.9483	288.4105	109.4856	114.5852	284.1432	366.21			
			" 360.14"	" 410.39"	" 140.75"	" 154.98"	"  74.79"	"  74.95"	"  29.83"	"  30.39"	120.6193	118.2663	120.5589	296.7249	306.4752	311.9452	113.1522	120.6193	295.6296	377.0597			
			" 364.36"	" 460.58"	" 146.77"	" 155.65"	"  77.62"	"  76.38"	"  30.24"	"  30.64"	124.0383	120.2299	121.9163	300.9561	314.9412	322.058	121.0155	124.0383	322.8693	517.2473			
			" 377.87"	" 498.51"	" 155.61"	" 161.86"	"  78.94"	"  77.36"	"  30.64"	"  31.16"	124.7131	123.6191	123.1184	305.9768	341.714	346.5518	122.9729	124.7131	348.2125	588.6995			
			" 390.02"	" 511.80"	" 162.45"	" 168.19"	"  80.07"	"  79.26"	"  31.26"	"  32.02"	125.6961	128.4191	134.6707	348.9037	435.2807	452.592	124.5805	125.6961	362.2497	607.6029			
			" 424.95"	" 517.22"	" 163.00"	" 174.17"	"  82.32"	"  80.88"	"  31.49"	"  32.61"	140.0635	140.4669	146.629	350.9419	444.2712	505.5696	126.6411	140.0635	448.9293	655.3467			
			" 476.10"	" 545.38"	" 165.84"	" 175.39"	"  83.82"	"  82.35"	"  32.66"	"  32.93"	144.0566	144.5471	148.5006	364.0029	506.2364	532.5314	133.9455	144.0566	589.665	664.5795			
			" 489.16"	" 565.81"	" 172.76"	" 178.77"	"  84.60"	"  84.28"	"  33.49"	"  33.61"	144.5353	148.939	155.9412	376.7199	553.9561	577.8836	143.8093	144.5353	623.7415	688.7662			
			" 506.38"	" 585.29"	" 173.86"	" 180.99"	"  86.58"	"  86.40"	"  34.21"	"  34.02"	152.4317	155.906	160.4468	514.2783	580.1384	592.2722	145.9658	152.4317	645.3265	729.7944			
			" 532.61"	" 598.23"	" 178.95"	" 183.96"	"  88.12"	"  87.98"	"  34.83"	"  34.99"	158.0656	158.2559	162.1468	588.6357	612.0517	634.7126	150.1168	158.0656	651.218	735.9792			
			" 544.78"	" 609.85"	" 182.84"	" 189.31"	"  90.93"	"  88.58"	"  35.11"	"  35.26"	169.838	167.0227	171.6235	607.4125	639.8796	662.5808	156.1799	169.838	667.5701	758.2146			
			" 551.28"	" 619.82"	" 184.84"	" 191.59"	"  91.26"	"  91.73"	"  35.73"	"  35.64"	183.4809	182.8346	182.2988	655.2563	663.1421	678.559	170.0623	183.4809	690.0267	804.3272			
			" 557.59"	" 659.99"	" 191.30"	" 196.33"	"  93.84"	"  94.00"	"  36.17"	"  36.05"	185.127	184.9913	187.2288	664.4007	686.3521	705.1057	184.025	185.127	713.5613	807.6563			
			" 574.56"	" 678.01"	" 195.23"	" 196.75"	"  95.60"	"  96.29"	"  36.83"	"  36.48"	195.4927	188.4294	193.2538	688.0381	711.475	729.6695	186.3188	195.4927	722.6922	832.1741			
			" 596.99"	" 704.63"	" 198.74"	" 203.01"	"  96.71"	"  97.13"	"  37.16"	"  36.98"	197.5373	197.3303	201.2745	714.6063	734.4709	748.9879	188.7792	197.5373	755.1836	894.492			
			" 615.34"	" 727.24"	" 200.80"	" 208.96"	"  98.14"	" 100.15"	"  37.71"	"  37.23"	201.0228	202.022	205.6412	720.0301	742.0545	756.1453	198.6418	201.0228	763.1025	910.5729			
			" 640.12"	" 742.42"	" 204.71"	" 210.38"	"  99.30"	" 100.99"	"  37.88"	"  37.83"	208.9658	206.1088	212.2923	744.648	779.8101	775.1917	202.8514	208.9658	796.0054	947.4354			
			" 660.78"	" 745.66"	" 206.20"	" 214.79"	" 103.41"	" 101.85"	"  37.91"	"  38.08"	211.3456	211.7256	220.5907	753.0601	794.1917	810.7024	207.5442	211.3456	823.8681	949.86			
			" 680.53"	" 754.37"	" 209.02"	" 216.39"	" 105.21"	" 105.24"	"  39.31"	"  39.02"	222.4752	219.4754	228.8964	759.5389	838.1212	854.0824	210.2912	222.4752	847.5108	983.5868			
			" 693.40"	" 780.49"	" 213.94"	" 227.05"	" 107.77"	" 107.40"	"  39.71"	"  39.65"	225.3694	227.18	236.1279	775.8784	876.9402	876.5914	213.0558	225.3694	888.634	1021.4194			
			" 713.53"	" 802.41"	" 215.57"	" 234.84"	" 108.30"	" 110.07"	"  39.78"	"  39.96"	226.9162	227.71	238.0688	804.7544	892.7863	902.3066	225.715	226.9162	910.587	1061.2076			
			" 722.36"	" 834.93"	" 225.71"	" 235.70"	" 109.74"	" 112.00"	"  40.19"	"  40.10"	230.5614	240.6273	247.8452	823.0265	914.7587	921.5133	225.8072	230.5614	925.4043	1095.9335			
			" 739.01"	" 883.58"	" 229.90"	" 239.25"	" 111.09"	" 113.67"	"  40.55"	"  40.70"	245.0203	250.1517	255.8899	842.8441	924.8535	932.2344	227.3837	245.0203	942.7889	1167.4556			
			" 743.01"	" 908.67"	" 233.39"	" 247.64"	" 113.67"	" 114.89"	"  41.25"	"  40.92"	254.4367	252.2269	262.9788	904.3316	944.7802	952.1182	232.9879	254.4367	951.9589	1196.3617			
			" 768.33"	" 943.46"	" 237.40"	" 249.87"	" 114.52"	" 116.23"	"  41.66"	"  41.24"	265.6198	254.0368	270.5067	925.2971	960.2031	979.4086	233.7307	265.6198	975.7679	1449.9546			
			" 797.94"	" 963.90"	" 243.20"	" 256.30"	" 117.67"	" 120.07"	"  42.11"	"  42.16"	266.6881	266.1255	279.5398	932.813	973.2875	992.4457	248.2004	266.6881	1030.188	1698.8844			
			" 831.16"	1501.04	" 247.25"	" 260.26"	" 119.72"	" 122.39"	"  42.37"	"  42.21"	269.4775	273.0443	282.6045	964.5011	1012.4879	1028.0682	254.0599	269.4775	1042.2032	1706.0932			
			" 840.58"	1508.89	" 252.46"	" 262.96"	" 122.74"	" 123.55"	"  43.12"	"  42.78"	271.3396	274.88	284.934	969.6943	1064.4071	1070.4146	257.2402	271.3396	1097.2162	1711.3181			
			" 873.73"	1513.17	" 254.84"	" 269.36"	" 123.10"	" 127.36"	"  43.57"	"  42.99"	277.6549	278.4812	285.838	975.4901	1078.7888	1090.1931	268.5572	277.6549	1105.1333	1732.4131			
			" 896.70"	1526.13	" 259.50"	" 274.82"	" 124.87"	" 131.26"	"  43.77"	"  43.56"	285.7642	287.4182	296.4744	981.0814	1182.4767	1192.498	270.4902	285.7642	1180.8874	1745.5953			
			" 923.09"	1529.59	" 264.68"	" 276.52"	" 126.27"	" 131.93"	"  43.99"	"  43.88"	287.6426	291.4412	301.9366	988.676	1394.8253	1402.574	270.6699	287.6426	1448.3059	1759.938			
			" 959.50"	1533.93	" 271.24"	" 278.44"	" 128.11"	" 133.84"	"  44.08"	"  44.18"	295.3615	295.5391	304.4396	1046.075	1687.7846	1677.5948	271.6979	295.3615	1697.6071	1774.7307			
			1443.08	1538.59	" 273.41"	" 288.52"	" 132.60"	" 135.84"	"  45.00"	"  44.49"	296.4176	300.7465	308.2222	1074.7851	1708.5126	1700.4688	277.2557	296.4176	1712.2213	2972.8507			
			1484.21	1543.96	" 277.82"	" 292.62"	" 136.97"	" 137.13"	"  45.25"	"  45.05"	302.4629	303.1223	313.2597	1099.4454	1713.8675	1706.7445	280.9597	302.4629	1715.6604	2979.6184			
			1512.12	1570.69	" 280.55"	" 299.07"	" 137.21"	" 139.59"	"  45.54"	"  45.48"	305.7732	311.0868	321.8932	1172.9785	1725.2898	1714.5611	289.4151	305.7732	1724.9257	3063.1675			
			1519.97	2922.76	" 287.99"	" 302.57"	" 138.87"	" 141.68"	"  45.83"	"  45.87"	307.3132	316.9791	329.4739	1201.2541	1737.2913	1733.8113	291.5977	307.3132	1745.1753	3114.6287			
			1526.24	3014.56	" 291.66"	" 304.86"	" 141.55"	" 142.47"	"  46.85"	"  46.69"	311.5855	328.0377	339.6106	1449.7775	1747.7518	1743.602	300.0834	311.5855	1756.0935	3139.9763			
			1533.99	3022.16	" 294.41"	" 316.85"	" 143.08"	" 145.03"	"  47.16"	"  46.86"	326.0561	329.8065	340.9373	1698.816	1758.9998	1756.7351	300.9946	326.0561	1763.7021	3149.7892			
			1538.48	3042.23	" 307.70"	" 323.76"	" 146.41"	" 147.60"	"  47.52"	"  47.07"	330.6387	337.6831	351.5178	1705.5064	1776.7546	1779.8315	306.0469	330.6387	1780.3652	3293.3486			
			1547.83	3100.85	" 314.28"	" 327.02"	" 149.34"	" 149.55"	"  47.74"	"  47.36"	338.6195	342.4227	352.75	1708.305	2927.2591	2888.0998	311.4993	338.6195	3012.8489	3334.1009			
			1558.51	3215.83	" 316.89"	" 333.02"	" 150.08"	" 150.30"	"  48.18"	"  47.81"	345.4107	346.5088	354.8521	1722.6988	3096.4392	3099.4832	313.7089	345.4107	3071.3368	3366.9689			
			1579.34	3256.11	" 319.50"	" 338.93"	" 151.75"	" 153.23"	"  48.32"	"  48.04"	348.6196	350.3407	359.1584	1729.3646	3164.2022	3147.1746	328.5801	348.6196	3133.8302	3378.0985			
			2998.99	3284.50	" 331.81"	" 340.46"	" 152.73"	" 155.33"	"  49.53"	"  48.90"	350.1671	351.8209	359.982	1738.0116	3192.5701	3177.5365	334.0333	350.1671	3168.1864	3408.0266			
			3050.71	3308.75	" 332.47"	" 346.58"	" 156.54"	" 158.06"	"  49.98"	"  49.18"	351.823	356.2494	363.4734	1749.9642	3260.8101	3219.6851	340.6769	351.823	3222.7098	3414.7722			
			3067.97	3335.01	" 336.05"	" 355.24"	" 158.85"	" 161.00"	"  50.08"	"  49.81"	353.3672	359.7242	366.2378	1762.6166	3277.4103	3234.5944	346.2312	353.3672	3233.339	3583.3565			
			3129.61	3354.29	" 343.54"	" 362.01"	" 160.18"	" 162.88"	"  50.51"	"  50.02"	354.989	361.4207	374.4623	1776.3852	3298.8967	3287.2831	347.3241	354.989	3283.9678	3587.3087			
			3161.27	3369.93	" 347.43"	" 366.17"	" 164.63"	" 166.96"	"  50.86"	"  50.72"	358.6145	380.3574	391.1437	2971.9924	3336.1794	3305.7903	349.2888	358.6145	3297.9433	3801.7359			
			3191.86	3410.49	" 358.03"	" 368.86"	" 165.62"	" 167.46"	"  51.10"	"  51.05"	362.0316	429.3477	441.6081	2978.229	3353.1918	3328.7256	351.7282	362.0316	3331.8735				
			3220.81	3422.02	" 360.64"	" 373.51"	" 168.75"	" 169.24"	"  51.44"	"  51.35"	365.77	436.0422	474.6941	3062.7242	3378.0653	3361.7329	352.926	365.77	3336.5909				
			3250.05	3456.87	" 367.01"	" 383.19"	" 170.66"	" 172.34"	"  51.71"	"  51.74"	385.4133	463.5288	503.6522	3104.1331	3430.8961	3423.8304	358.39	385.4133	3374.1674				
			3282.29	3489.48	" 371.60"	" 393.19"	" 172.84"	" 173.09"	"  52.01"	"  51.89"	389.9053	497.6556	505.401	3119.3606	3435.629	3440.0857	359.5733	389.9053	3394.6988				
			3324.76	3649.85	" 381.83"	" 399.46"	" 173.34"	" 174.45"	"  52.40"	"  52.37"	495.5738	503.5728	528.0752	3147.1134	3446.4542	3460.8162	362.2109	495.5738	3432.3203				
			3348.63	3675.49	" 387.56"	" 411.42"	" 175.74"	" 177.46"	"  52.99"	"  52.55"	502.4674	529.7869	532.1363	3208.3791	3525.3277	3493.9781	380.1174	502.4674	3455.776				
			3353.47		" 390.13"	" 416.56"	" 177.70"	" 178.62"	"  53.61"	"  52.84"	528.2798	551.084	578.1084	3236.3918	3594.2278	3590.8671	383.3447	528.2798	3515.3418				
			3366.70		" 392.87"	" 426.50"	" 179.81"	" 183.08"	"  54.02"	"  53.75"	533.8312	585.9177	590.6223	3292.8089	3753.2312	3670.3655	449.0737	533.8312	3565.4536				
			3387.09		" 402.77"	" 430.30"	" 181.29"	" 184.94"	"  54.20"	"  54.49"	588.7147	590.8422	601.571	3301.9952	3779.7825	3780.6791	498.1134	588.7147	3817.0852				
			3399.89		" 413.95"	" 437.67"	" 185.63"	" 187.45"	"  54.82"	"  54.62"	589.3365	612.2368	614.3418	3306.5004			510.4465	589.3365					
			3438.48		" 421.03"	" 455.02"	" 187.70"	" 189.02"	"  54.96"	"  54.78"	608.8195	614.0112	625.5172	3371.1894			529.6604	608.8195					
			3451.98		" 431.54"	" 465.99"	" 189.53"	" 190.27"	"  55.39"	"  55.28"	609.9644	630.2904	637.2769	3386.244			591.2431	609.9644					
			3520.07		" 443.47"	" 477.16"	" 191.91"	" 192.47"	"  55.91"	"  55.57"	632.7636	635.4719	647.345	3389.6633			595.9219	632.7636					
			3542.86		" 445.65"	" 485.38"	" 192.93"	" 193.59"	"  56.03"	"  55.62"	640.6943	640.9785	660.6945	3409.1767			612.0424	640.6943					
			3686.87		" 458.60"	" 497.22"	" 194.78"	" 196.25"	"  56.32"	"  56.30"	645.1054	653.9205	662.0697	3417.9112			624.4354	645.1054					
					" 476.75"	" 502.47"	" 198.14"	" 198.30"	"  56.38"	"  56.50"	656.1262	655.3196	672.3566	3583.385			634.8989	656.1262					
					" 479.63"	" 506.57"	" 199.57"	" 199.69"	"  56.72"	"  56.61"	665.025	666.3902	674.016	3587.3957			636.6748	665.025					
					" 498.31"	" 517.76"	" 200.62"	" 204.02"	"  57.19"	"  57.25"	666.8211	672.0789	679.0054	3801.7557			643.2723	666.8211					
					" 504.31"	" 529.89"	" 203.36"	" 206.65"	"  57.53"	"  57.63"	669.5401	683.7788	689.5876				646.1867	669.5401					
					" 505.21"	" 545.87"	" 205.47"	" 209.22"	"  57.56"	"  57.91"	674.887	687.2515	695.0003				652.3178	674.887					
					" 512.06"	" 549.60"	" 208.06"	" 211.82"	"  58.46"	"  58.37"	690.0483	691.285	700.1372				661.7669	690.0483					
					" 519.65"	" 558.24"	" 208.39"	" 213.55"	"  58.61"	"  58.72"	693.9767	697.0826	702.9559				665.7308	693.9767					
					" 520.64"	" 561.44"	" 211.55"	" 214.55"	"  59.11"	"  59.06"	698.0475	705.2759	713.2683				670.8588	698.0475					
					" 537.92"	" 566.69"	" 212.34"	" 216.42"	"  59.31"	"  59.46"	699.2332	713.3344	717.1934				677.0173	699.2332					
					" 544.70"	" 574.38"	" 212.81"	" 218.73"	"  59.75"	"  60.12"	701.9582	720.1707	728.7408				682.5591	701.9582					
					" 547.19"	" 583.09"	" 215.06"	" 219.04"	"  60.31"	"  60.41"	712.7717	727.1476	733.8687				693.0147	712.7717					
					" 549.58"	" 587.28"	" 217.80"	" 223.06"	"  60.57"	"  60.57"	720.8963	727.9126	744.8327				698.1527	720.8963					
					" 557.40"	" 592.67"	" 220.68"	" 224.03"	"  60.95"	"  60.88"	730.2607	739.1089	746.9118				701.2608	730.2607					
					" 561.68"	" 596.23"	" 221.74"	" 225.86"	"  61.18"	"  61.18"	732.9033	753.8878	762.5209				704.3172	732.9033					
					" 571.84"	" 597.45"	" 225.09"	" 226.83"	"  61.49"	"  61.43"	734.9178	756.5785	768.793				718.2349	734.9178					
					" 576.08"	" 601.18"	" 226.62"	" 228.33"	"  61.53"	"  61.57"	748.4164	772.4019	774.3672				719.3364	748.4164					
					" 578.92"	" 604.50"	" 227.62"	" 229.44"	"  61.88"	"  61.85"	756.4005	791.4261	796.4087				729.8788	756.4005					
					" 587.35"	" 608.58"	" 230.85"	" 230.51"	"  62.27"	"  61.99"	760.3152	796.9291	806.5819				731.3828	760.3152					
					" 595.97"	" 615.32"	" 232.08"	" 231.54"	"  62.79"	"  62.50"	776.1089	801.1039	813.6144				732.9054	776.1089					
					" 602.40"	" 625.39"	" 233.86"	" 235.29"	"  63.02"	"  62.96"	797.1364	819.3515	827.3193				746.5356	797.1364					
					" 605.60"	" 626.58"	" 235.20"	" 236.06"	"  63.40"	"  63.16"	800.7659	823.0934	834.2163				758.1395	800.7659					
					" 611.40"	" 628.55"	" 236.69"	" 240.06"	"  63.86"	"  63.59"	820.005	827.7475	839.8516				759.0568	820.005					
					" 613.58"	" 638.31"	" 237.37"	" 240.58"	"  64.04"	"  63.98"	823.734	836.2153	851.2262				765.5818	823.734					
					" 621.82"	" 641.75"	" 241.34"	" 244.35"	"  64.41"	"  64.29"	823.793	852.2622	864.3311				782.897	823.793					
					" 626.53"	" 651.50"	" 243.82"	" 247.99"	"  64.81"	"  64.65"	830.7152	862.6453	874.936				799.2145	830.7152					
					" 630.25"	" 652.77"	" 246.61"	" 248.71"	"  65.03"	"  64.87"	832.6082	890.0118	904.2865				801.1208	832.6082					
					" 635.69"	" 659.47"	" 251.54"	" 252.07"	"  65.44"	"  64.96"	840.8061	899.4938	911.268				817.8632	840.8061					
					" 638.35"	" 667.43"	" 252.47"	" 254.46"	"  65.68"	"  65.50"	866.9931	912.3967	920.2017				821.0416	866.9931					
					" 643.51"	" 677.19"	" 252.88"	" 255.23"	"  65.98"	"  65.74"	895.0989	917.1768	931.2383				827.3212	895.0989					
					" 648.73"	" 680.82"	" 254.58"	" 258.28"	"  66.20"	"  66.06"	907.6072	939.0591	938.8667				828.8662	907.6072					
					" 651.27"	" 688.41"	" 256.54"	" 260.93"	"  66.60"	"  66.71"	909.3011	944.1513	952.1021				842.0673	909.3011					
					" 654.18"	" 706.54"	" 259.45"	" 264.64"	"  66.87"	"  66.74"	931.4774	950.0413	963.3759				855.0173	931.4774					
					" 666.12"	" 714.19"	" 260.15"	" 267.74"	"  67.36"	"  67.14"	938.6257	955.8595	968.1144				874.8284	938.6257					
					" 671.49"	" 714.82"	" 263.81"	" 269.59"	"  67.67"	"  67.63"	952.9472	967.9455	979.7168				892.59	952.9472					
					" 675.42"	" 722.25"	" 266.07"	" 270.29"	"  67.90"	"  67.82"	954.1219	980.4934	990.7951				902.787	954.1219					
					" 677.23"	" 732.09"	" 266.34"	" 272.53"	"  68.54"	"  68.16"	955.2435	993.1992	1004.5819				908.566	955.2435					
					" 686.21"	" 734.73"	" 268.59"	" 274.28"	"  69.02"	"  68.64"	970.6076	1004.884	1022.0217				923.6802	970.6076					
					" 700.45"	" 742.88"	" 270.54"	" 276.51"	"  69.41"	"  68.89"	988.7986	1018.834	1031.991				926.9891	988.7986					
					" 700.52"	" 744.70"	" 271.90"	" 277.97"	"  69.61"	"  68.95"	993.0225	1028.956	1042.0995				937.4151	993.0225					
					" 714.35"	" 748.62"	" 275.03"	" 280.58"	"  69.80"	"  69.38"	1001.0834	1039.023	1057.1812				945.4089	1001.0834					
					" 721.99"	" 762.18"	" 279.47"	" 283.73"	"  70.09"	"  69.84"	1001.738	1060.159	1073.4062				949.3	1001.738					
					" 734.34"	" 765.20"	" 281.91"	" 287.96"	"  70.40"	"  70.25"	1011.2318	1084.905	1093.8463				958.8189	1011.2318					
					" 737.91"	" 767.13"	" 282.71"	" 292.77"	"  70.54"	"  70.64"	1027.8275	1096.38	1107.5641				966.6347	1027.8275					
					" 744.75"	" 779.11"	" 285.83"	" 294.52"	"  70.75"	"  71.03"	1044.1522	1102.841	1114.933				978.2743	1044.1522					
					" 747.71"	" 784.23"	" 288.41"	" 297.06"	"  71.45"	"  71.09"	1053.442	1104.403	1123.6209				990.8308	1053.442					
					" 756.27"	" 792.20"	" 288.68"	" 299.95"	"  71.70"	"  71.74"	1092.2723	1128.322	1135.3434				995.585	1092.2723					
					" 760.83"	" 798.63"	" 291.50"	" 302.06"	"  71.97"	"  71.80"	1099.698	1137.401	1170.6377				1003.173	1099.698					
					" 764.02"	" 816.40"	" 295.37"	" 302.81"	"  72.39"	"  72.34"	1103.8824	1179.483	1198.185				1010.645	1103.8824					
					" 775.55"	" 835.52"	" 297.77"	" 306.89"	"  72.66"	"  72.75"	1108.442	1184.431	1206.8573				1030.206	1108.442					
					" 783.83"	" 864.78"	" 300.10"	" 307.45"	"  73.19"	"  72.88"	1109.2052	1189.261	1208.5897				1049.136	1109.2052					
					" 788.65"	" 874.36"	" 302.57"	" 309.90"	"  73.88"	"  73.14"	1114.3055	1205.849	1226.7219				1055.882	1114.3055					
					" 796.62"	" 886.23"	" 304.62"	" 311.15"	"  74.03"	"  73.93"	1134.7233	1686.418	1676.4754				1080.881	1134.7233					
					" 818.79"	" 892.51"	" 308.48"	" 312.78"	"  74.47"	"  74.19"	1180.3247	1691.399	1681.5055				1093.892	1180.3247					
					" 831.98"	" 896.06"	" 311.17"	" 315.83"	"  75.10"	"  74.70"	1182.3131	1694.72	1687.5287				1099.666	1182.3131					
					" 840.02"	" 910.38"	" 311.76"	" 317.53"	"  75.21"	"  74.95"	1186.3824	1699.433	1696.2719				1106.339	1186.3824					
					" 856.51"	" 915.82"	" 313.50"	" 320.05"	"  75.59"	"  75.28"	1205.7712	1701.88	1698.8391				1110.962	1205.7712					
					" 859.43"	" 921.87"	" 316.38"	" 322.19"	"  75.79"	"  76.11"	1208.5277	1704.655	1703.7405				1117.336	1208.5277					
					" 870.68"	" 967.44"	" 318.51"	" 324.92"	"  75.87"	"  76.23"	1692.1879	1707.584	1706.002				1125.98	1692.1879					
					" 876.25"	" 983.21"	" 320.53"	" 327.07"	"  76.73"	"  76.45"	1692.8217	1709.945	1709.3475				1149.532	1692.8217					
					" 887.11"	1005.57	" 321.08"	" 329.85"	"  77.03"	"  76.75"	1700.0787	1716.595	1712.4323				1179.874	1700.0787					
					" 903.80"	1462.49	" 323.61"	" 330.74"	"  77.24"	"  77.07"	1700.9023	1723.097	1718.0284				1183.696	1700.9023					
					" 912.33"	1479.62	" 326.16"	" 332.42"	"  77.79"	"  77.88"	1701.0783	1727.086	1721.0157				1192.829	1701.0783					
					" 915.80"	1481.62	" 326.95"	" 339.32"	"  78.43"	"  78.38"	1702.8667	1730.696	1723.8362				1206.538	1702.8667					
					" 943.34"	1494.77	" 328.93"	" 340.91"	"  78.89"	"  78.49"	1705.9835	1733.409	1729.7965				1692.132	1705.9835					
					" 957.32"	1496.63	" 331.25"	" 346.28"	"  79.00"	"  78.81"	1712.0132	1738.533	1736.0017				1693.326	1712.0132					
					" 979.33"	1503.76	" 334.22"	" 347.74"	"  79.20"	"  79.33"	1712.4541	1744.728	1739.7749				1698.669	1712.4541					
					1443.98	1505.16	" 337.25"	" 350.07"	"  80.12"	"  79.49"	1719.6006	1747.091	1743.3216				1701.916	1719.6006					
					1454.06	1507.25	" 341.77"	" 351.93"	"  80.28"	"  80.08"	1727.0814	1752.485	1750.0868				1702.037	1727.0814					
					1478.68	1511.76	" 347.38"	" 352.81"	"  80.66"	"  80.38"	1727.4254	1759.717	1760.4743				1704.838	1727.4254					
					1480.20	1513.67	" 349.52"	" 356.32"	"  80.82"	"  80.97"	1732.8527	1764.166	1768.5063				1707.051	1732.8527					
					1483.42	1513.91	" 350.82"	" 358.21"	"  81.16"	"  81.44"	1736.2717	1767.751	1770.622				1710.855	1736.2717					
					1494.95	1520.13	" 354.09"	" 364.46"	"  81.87"	"  81.65"	1738.4028	1771.096	1772.9768				1714.59	1738.4028					
					1501.06	1525.50	" 356.38"	" 367.48"	"  82.18"	"  82.15"	1747.2049	1778.866	1781.4113				1718.598	1747.2049					
					1506.55	1526.22	" 361.82"	" 369.54"	"  82.50"	"  82.30"	1747.668	1787.419	1789.1839				1723.317	1747.668					
					1507.66	1529.91	" 363.17"	" 372.07"	"  82.73"	"  82.79"	1757.6609	2925.647	2886.2454				1726.961	1757.6609					
					1512.15	1536.69	" 367.19"	" 374.41"	"  83.09"	"  82.94"	1761.1653	2970.836	2942.3337				1731.817	1761.1653					
					1516.42	1538.98	" 367.99"	" 374.93"	"  83.61"	"  83.19"	1763.6119	2978.472	2954.4726				1735.499	1763.6119					
					1519.07	1540.40	" 372.91"	" 378.82"	"  83.99"	"  83.88"	1767.8576	3061.565	3047.0929				1737.546	1767.8576					
					1522.72	1544.66	" 374.31"	" 384.19"	"  84.84"	"  83.91"	1769.3225	3088.921	3057.3277				1744.146	1769.3225					
					1527.37	1547.74	" 376.27"	" 386.31"	"  84.96"	"  84.12"	1779.0555	3095.952	3065.6934				1748.024	1779.0555					
					1527.70	1549.24	" 377.25"	" 388.55"	"  85.25"	"  84.52"	1788.4547	3104.678	3077.3859				1754.004	1788.4547					
					1528.40	1553.17	" 384.08"	" 391.13"	"  85.49"	"  84.89"	2959.3027	3107.102	3094.7542				1760.801	2959.3027					
					1534.73	1557.80	" 386.05"	" 395.06"	"  85.59"	"  85.45"	2959.8959	3110.221	3097.1178				1763.128	2959.8959					
					1540.01	1569.05	" 387.74"	" 398.88"	"  85.97"	"  85.62"	2966.5065	3136.209	3108.4795				1765.801	2966.5065					
					1540.77	1576.58	" 390.70"	" 401.44"	"  86.13"	"  86.24"	2969.0291	3141.065	3122.1165				1768.743	2969.0291					
					1542.11	2913.64	" 397.50"	" 407.07"	"  86.51"	"  86.43"	3058.8381	3170.063	3149.8996				1771.904	3058.8381					
					1545.04	2984.37	" 398.77"	" 411.46"	"  87.08"	"  86.91"	3061.1707	3204.227	3171.4665				1781.225	3061.1707					
					1546.64	2999.65	" 401.60"	" 414.91"	"  87.79"	"  87.26"	3085.3889	3215.836	3192.3159				1789.207	3085.3889					
					1553.02	3008.51	" 403.70"	" 418.36"	"  87.96"	"  87.95"	3092.7056	3226.078	3196.2106				2970.04	3092.7056					
					1555.81	3023.38	" 410.60"	" 424.73"	"  88.74"	"  88.17"	3103.1582	3241.146	3204.9204				2976.345	3103.1582					
					1566.19	3052.82	" 414.31"	" 429.11"	"  89.44"	"  88.85"	3105.8394	3259.997	3223.4611				3011.846	3105.8394					
					1584.77	3069.67	" 418.07"	" 430.17"	"  89.63"	"  89.01"	3111.7298	3262.28	3230.7847				3061.868	3111.7298					
					2957.76	3098.14	" 422.80"	" 434.03"	"  90.19"	"  89.57"	3122.6319	3266.203	3243.2003				3068.803	3122.6319					
					2987.40	3128.01	" 424.29"	" 434.83"	"  90.57"	"  90.32"	3129.1106	3287.034	3268.6847				3093.389	3129.1106					
					3042.09	3139.01	" 430.45"	" 440.21"	"  90.97"	"  90.56"	3132.629	3321.263	3300.6948				3107.092	3132.629					
					3049.52	3147.61	" 433.12"	" 453.96"	"  91.67"	"  91.29"	3143.6733	3337.353	3307.019				3111.13	3143.6733					
					3063.55	3167.61	" 435.41"	" 462.36"	"  92.52"	"  92.11"	3204.7154	3346.418	3333.8761				3121.362	3204.7154					
					3076.81	3172.49	" 443.74"	" 466.52"	"  92.67"	"  92.49"	3207.1688	3356.545	3336.6391				3129.94	3207.1688					
					3116.44	3193.47	" 445.87"	" 471.61"	"  93.04"	"  92.70"	3219.1955	3361.746	3344.9265				3132.981	3219.1955					
					3137.90	3212.27	" 450.33"	" 473.52"	"  93.58"	"  93.78"	3223.1137	3365.568	3354.9161				3138.207	3223.1137					
					3140.20	3218.96	" 459.98"	" 474.04"	"  94.03"	"  94.24"	3224.0786	3375.864	3357.0047				3147.17	3224.0786					
					3141.02	3226.77	" 460.72"	" 476.42"	"  94.49"	"  94.66"	3256.9936	3378.295	3365.3488				3170.376	3256.9936					
					3152.91	3231.20	" 467.57"	" 480.16"	"  94.89"	"  95.18"	3267.6055	3385.686	3375.9121				3179.111	3267.6055					
					3162.37	3247.84	" 476.99"	" 483.87"	"  95.20"	"  95.47"	3276.7737	3391.839	3381.8202				3205.617	3276.7737					
					3173.02	3260.30	" 479.61"	" 486.29"	"  96.01"	"  95.79"	3326.1475	3395.904	3384.9367				3213.246	3326.1475					
					3187.99	3264.77	" 482.47"	" 486.52"	"  96.46"	"  96.78"	3344.8747	3400.73	3390.8738				3222.844	3344.8747					
					3190.59	3277.09	" 483.12"	" 487.88"	"  96.81"	"  97.56"	3353.4468	3409.432	3403.9167				3227.589	3353.4468					
					3195.85	3289.51	" 484.51"	" 491.23"	"  97.63"	"  97.89"	3353.6229	3419.928	3414.647				3255.835	3353.6229					
					3221.39	3310.11	" 487.32"	" 495.08"	"  98.41"	"  98.15"	3354.8572	3431.221	3425.0819				3267.59	3354.8572					
					3227.16	3319.25	" 488.76"	" 500.13"	"  98.47"	"  98.74"	3364.2163	3436.99	3449.0392				3276.305	3364.2163					
					3245.50	3331.83	" 490.75"	" 507.59"	"  98.89"	"  99.39"	3370.2144	3455.611	3460.9189				3300.404	3370.2144					
					3259.34	3350.86	" 494.33"	" 510.33"	" 100.06"	"  99.79"	3379.7245	3525.415	3494.0915				3305.151	3379.7245					
					3262.70	3355.64	" 498.13"	" 513.01"	" 100.27"	" 100.20"	3383.0712	3584.345	3587.4499				3317.391	3383.0712					
					3278.12	3361.50	" 499.16"	" 520.43"	" 100.59"	" 100.55"	3392.7146	3588.721	3590.9119				3330.48	3392.7146					
					3282.94	3365.17	" 503.23"	" 523.92"	" 101.16"	" 100.90"	3392.9419	3594.314	3592.1509				3348.571	3392.9419					
					3294.52	3375.90	" 508.08"	" 524.78"	" 101.48"	" 101.47"	3396.77	3753.258	3670.4276				3352.58	3396.77					
					3297.53	3383.17	" 511.89"	" 527.99"	" 101.56"	" 102.33"	3398.6146	3779.697	3780.5767				3358.962	3398.6146					
					3332.02	3406.78	" 517.48"	" 530.28"	" 102.36"	" 102.60"	3407.6971	3801.814	3800.0429				3361.763	3407.6971					
					3343.11	3409.76	" 521.56"	" 531.95"	" 102.71"	" 103.09"	3413.1911	3802.12	3800.6156				3364.558	3413.1911					
					3348.70	3412.67	" 524.58"	" 536.00"	" 103.02"	" 103.29"	3417.1539	3803.641	3802.2439				3374.55	3417.1539					
					3349.91	3416.49	" 526.02"	" 538.26"	" 103.65"	" 104.11"	3421.702						3376.756	3421.702					
					3353.93	3425.94	" 529.59"	" 540.96"	" 104.15"	" 104.70"	3566.1317						3380.103	3566.1317					
					3371.50	3427.39	" 531.27"	" 542.84"	" 104.83"	" 105.12"	3566.3392						3383.757	3566.3392					
					3381.49	3435.58	" 535.82"	" 544.92"	" 105.65"	" 105.43"	3570.1026						3392.73	3570.1026					
					3382.72	3463.43	" 538.00"	" 547.52"	" 105.94"	" 105.78"	3570.3506						3394.356	3570.3506					
					3397.80	3488.52	" 539.10"	" 551.11"	" 106.15"	" 106.35"	3789.0645						3405.755	3789.0645					
					3403.88	3491.99	" 544.16"	" 553.28"	" 106.50"	" 106.76"	3811.8607						3408.956	3811.8607					
					3404.29	3498.21	" 545.42"	" 557.22"	" 107.63"	" 107.42"	3813.3818						3418.367	3813.3818					
					3411.44	3524.02	" 548.50"	" 558.57"	" 108.00"	" 108.40"	3818.8479						3434.019	3818.8479					
					3420.79	3567.95	" 549.92"	" 559.71"	" 108.52"	" 108.84"							3456.145						
					3431.59	3585.23	" 550.73"	" 563.80"	" 109.16"	" 109.39"							3515.09						
					3438.02	3649.74	" 550.82"	" 565.98"	" 110.16"	" 109.65"							3565.255						
					3441.38	3659.91	" 554.61"	" 568.87"	" 110.48"	" 110.89"							3583.908						
					3459.04	3675.50	" 557.31"	" 571.10"	" 110.63"	" 111.32"							3587.947						
					3477.43	3684.74	" 562.70"	" 571.22"	" 111.40"	" 112.34"							3800.978						
					3479.06		" 565.28"	" 574.48"	" 111.93"	" 112.96"							3802.37						
					3484.18		" 567.06"	" 578.00"	" 112.00"	" 114.15"							3802.548						
					3519.29		" 569.98"	" 581.19"	" 113.74"	" 114.75"							3817.293						
					3542.81		" 571.25"	" 583.30"	" 114.28"	" 114.96"													
					3581.49		" 574.45"	" 583.91"	" 114.78"	" 115.09"													
					3594.85		" 575.57"	" 585.24"	" 115.01"	" 116.32"													
					3658.60		" 578.84"	" 586.77"	" 115.93"	" 116.75"													
					3686.10		" 580.69"	" 590.22"	" 116.44"	" 117.66"													
					3686.87		" 582.54"	" 592.75"	" 116.54"	" 117.93"													
							" 586.87"	" 595.65"	" 117.95"	" 118.76"													
							" 588.72"	" 597.25"	" 118.26"	" 119.21"													
							" 591.04"	" 599.01"	" 119.04"	" 120.12"													
							" 592.47"	" 603.68"	" 119.47"	" 120.56"													
							" 597.71"	" 605.58"	" 119.74"	" 120.88"													
							" 599.20"	" 608.61"	" 120.59"	" 121.63"													
							" 601.80"	" 609.24"	" 121.03"	" 122.25"													
							" 603.01"	" 615.13"	" 121.61"	" 123.13"													
							" 605.05"	" 616.15"	" 121.88"	" 123.35"													
							" 608.79"	" 620.57"	" 122.60"	" 123.65"													
							" 610.92"	" 622.18"	" 123.02"	" 124.93"													
							" 615.91"	" 624.12"	" 123.62"	" 125.05"													
							" 617.83"	" 625.89"	" 124.84"	" 125.82"													
							" 621.36"	" 626.24"	" 125.49"	" 126.14"													
							" 622.55"	" 628.67"	" 126.33"	" 126.21"													
							" 623.56"	" 630.13"	" 127.50"	" 126.75"													
							" 626.10"	" 633.51"	" 127.89"	" 128.04"													
							" 627.89"	" 635.60"	" 128.21"	" 128.69"													
							" 629.30"	" 638.42"	" 128.90"	" 129.72"													
							" 630.97"	" 644.11"	" 129.53"	" 129.98"													
							" 633.10"	" 646.35"	" 129.74"	" 130.69"													
							" 634.80"	" 650.36"	" 130.76"	" 130.73"													
							" 636.62"	" 651.62"	" 131.48"	" 132.34"													
							" 639.09"	" 657.35"	" 131.87"	" 132.50"													
							" 646.22"	" 662.75"	" 132.09"	" 133.56"													
							" 650.03"	" 663.30"	" 133.45"	" 133.86"													
							" 651.47"	" 666.72"	" 134.35"	" 134.25"													
							" 657.11"	" 669.13"	" 134.64"	" 135.47"													
							" 661.59"	" 669.88"	" 135.78"	" 136.11"													
							" 662.04"	" 672.41"	" 136.45"	" 136.67"													
							" 666.71"	" 675.22"	" 137.13"	" 137.62"													
							" 669.62"	" 679.29"	" 137.55"	" 138.95"													
							" 670.19"	" 679.39"	" 138.70"	" 139.57"													
							" 672.69"	" 682.87"	" 138.93"	" 140.15"													
							" 674.78"	" 686.24"	" 139.47"	" 140.62"													
							" 676.92"	" 687.82"	" 140.46"	" 141.27"													
							" 678.63"	" 688.18"	" 141.30"	" 142.41"													
							" 681.61"	" 690.53"	" 141.71"	" 143.20"													
							" 684.29"	" 697.04"	" 143.63"	" 143.71"													
							" 687.05"	" 698.63"	" 143.82"	" 144.61"													
							" 689.53"	" 704.64"	" 144.92"	" 145.13"													
							" 690.64"	" 709.86"	" 145.05"	" 145.77"													
							" 693.26"	" 714.04"	" 146.25"	" 147.11"													
							" 696.42"	" 715.70"	" 146.48"	" 147.87"													
							" 700.39"	" 718.08"	" 147.47"	" 148.88"													
							" 703.25"	" 720.36"	" 148.90"	" 149.37"													
							" 710.07"	" 723.53"	" 149.21"	" 150.04"													
							" 712.00"	" 728.12"	" 149.97"	" 150.49"													
							" 715.43"	" 731.63"	" 150.20"	" 151.12"													
							" 717.94"	" 736.58"	" 151.07"	" 151.62"													
							" 719.42"	" 738.75"	" 151.95"	" 152.42"													
							" 721.51"	" 740.73"	" 152.58"	" 152.63"													
							" 723.35"	" 744.81"	" 152.74"	" 153.73"													
							" 725.59"	" 748.31"	" 153.68"	" 154.10"													
							" 731.09"	" 750.37"	" 153.97"	" 154.79"													
							" 734.62"	" 751.22"	" 154.66"	" 155.02"													
							" 736.00"	" 758.43"	" 155.43"	" 156.70"													
							" 741.22"	" 759.37"	" 156.52"	" 156.92"													
							" 743.05"	" 762.34"	" 156.65"	" 157.53"													
							" 747.28"	" 769.99"	" 157.26"	" 158.51"													
							" 750.69"	" 773.14"	" 157.90"	" 160.04"													
							" 753.56"	" 774.92"	" 159.94"	" 160.96"													
							" 763.19"	" 781.41"	" 160.49"	" 161.28"													
							" 766.18"	" 785.03"	" 161.85"	" 161.66"													
							" 768.02"	" 791.02"	" 162.53"	" 162.90"													
							" 772.81"	" 794.40"	" 163.33"	" 163.43"													
							" 782.65"	" 797.35"	" 164.17"	" 164.17"													
							" 785.41"	" 799.21"	" 164.71"	" 165.41"													
							" 790.09"	" 800.99"	" 165.45"	" 166.17"													
							" 791.38"	" 801.81"	" 166.17"	" 166.65"													
							" 793.18"	" 805.42"	" 167.07"	" 167.42"													
							" 796.16"	" 816.77"	" 167.58"	" 168.17"													
							" 799.04"	" 819.74"	" 167.95"	" 169.12"													
							" 801.21"	" 824.38"	" 168.21"	" 169.72"													
							" 804.98"	" 827.27"	" 168.83"	" 170.92"													
							" 808.79"	" 831.08"	" 169.67"	" 171.92"													
							" 812.82"	" 840.45"	" 171.32"	" 172.37"													
							" 819.42"	" 844.66"	" 172.02"	" 172.91"													
							" 821.43"	" 848.41"	" 172.07"	" 174.03"													
							" 822.83"	" 849.72"	" 172.66"	" 175.10"													
							" 824.75"	" 851.22"	" 173.63"	" 175.24"													
							" 833.23"	" 864.97"	" 175.01"	" 176.15"													
							" 842.99"	" 870.67"	" 175.28"	" 176.71"													
							" 844.24"	" 878.23"	" 175.92"	" 177.73"													
							" 847.37"	" 885.16"	" 177.77"	" 178.14"													
							" 850.54"	" 902.78"	" 178.54"	" 178.72"													
							" 857.08"	" 905.85"	" 179.10"	" 179.64"													
							" 860.76"	" 914.15"	" 179.75"	" 180.64"													
							" 877.72"	" 915.06"	" 180.33"	" 180.97"													
							" 881.37"	" 923.35"	" 180.77"	" 181.43"													
							" 885.17"	" 925.87"	" 181.22"	" 182.28"													
							" 891.98"	" 936.55"	" 181.98"	" 183.05"													
							" 894.08"	" 937.01"	" 182.65"	" 183.37"													
							" 903.89"	" 945.40"	" 183.62"	" 183.99"													
							" 907.81"	" 948.85"	" 184.63"	" 184.33"													
							" 918.30"	" 959.82"	" 184.84"	" 184.93"													
							" 925.03"	" 964.25"	" 185.15"	" 186.82"													
							" 930.48"	" 970.11"	" 185.78"	" 187.07"													
							" 931.63"	" 982.12"	" 186.51"	" 187.38"													
							" 937.97"	" 991.60"	" 187.38"	" 188.44"													
							" 950.83"	" 999.19"	" 188.18"	" 188.92"													
							" 954.42"	1038.20	" 189.08"	" 189.67"													
							" 957.85"	1432.45	" 189.81"	" 190.31"													
							" 968.93"	1457.85	" 190.38"	" 190.93"													
							" 973.50"	1463.11	" 191.01"	" 191.26"													
							" 991.55"	1468.81	" 191.90"	" 191.48"													
							1003.18	1472.88	" 192.41"	" 192.72"													
							1016.57	1474.07	" 193.00"	" 193.41"													
							1432.30	1479.09	" 193.62"	" 194.23"													
							1444.25	1482.43	" 193.94"	" 194.70"													
							1452.49	1485.25	" 194.45"	" 195.85"													
							1456.11	1491.17	" 196.00"	" 196.02"													
							1468.57	1492.81	" 196.49"	" 196.92"													
							1471.56	1493.75	" 197.06"	" 197.57"													
							1478.26	1495.46	" 197.78"	" 197.94"													
							1479.69	1497.20	" 198.24"	" 198.29"													
							1480.83	1499.43	" 199.00"	" 198.94"													
							1483.47	1501.84	" 199.21"	" 199.95"													
							1485.31	1502.78	" 200.39"	" 200.60"													
							1490.29	1504.41	" 200.49"	" 201.47"													
							1493.16	1507.44	" 201.38"	" 201.78"													
							1495.62	1509.26	" 202.10"	" 202.34"													
							1499.13	1510.94	" 202.40"	" 203.19"													
							1500.25	1512.19	" 203.38"	" 204.08"													
							1501.14	1515.01	" 203.96"	" 204.77"													
							1502.41	1515.52	" 204.26"	" 205.43"													
							1503.67	1515.92	" 204.45"	" 206.03"													
							1505.72	1517.75	" 204.84"	" 206.80"													
							1508.74	1520.59	" 205.70"	" 207.03"													
							1510.71	1522.07	" 206.70"	" 207.94"													
							1513.59	1522.97	" 207.71"	" 208.21"													
							1514.05	1524.74	" 208.15"	" 209.47"													
							1514.33	1526.88	" 209.36"	" 210.21"													
							1516.81	1527.56	" 209.90"	" 210.81"													
							1518.33	1529.15	" 210.11"	" 210.97"													
							1519.70	1530.20	" 210.93"	" 212.24"													
							1521.26	1531.14	" 211.40"	" 212.46"													
							1521.85	1531.43	" 211.98"	" 212.81"													
							1522.43	1533.63	" 212.49"	" 213.65"													
							1522.96	1534.09	" 212.78"	" 214.97"													
							1524.83	1534.27	" 214.06"	" 215.22"													
							1528.51	1537.22	" 215.09"	" 215.74"													
							1529.36	1537.77	" 215.31"	" 216.44"													
							1531.35	1538.68	" 215.85"	" 217.47"													
							1532.10	1540.36	" 217.64"	" 218.06"													
							1533.02	1542.14	" 218.23"	" 218.80"													
							1534.37	1543.51	" 219.24"	" 219.00"													
							1535.43	1545.66	" 219.27"	" 219.36"													
							1537.51	1548.43	" 219.84"	" 220.17"													
							1537.83	1549.30	" 221.55"	" 220.78"													
							1538.58	1551.26	" 221.86"	" 222.32"													
							1541.15	1555.27	" 221.98"	" 222.64"													
							1543.17	1558.07	" 223.52"	" 223.24"													
							1544.22	1559.51	" 223.70"	" 223.61"													
							1546.88	1563.29	" 224.16"	" 224.80"													
							1547.83	1564.47	" 225.20"	" 225.22"													
							1549.40	1572.07	" 225.40"	" 225.93"													
							1550.34	1578.96	" 226.01"	" 226.81"													
							1551.38	2909.70	" 227.23"	" 227.57"													
							1554.39	2923.14	" 227.77"	" 228.59"													
							1558.25	2960.42	" 228.40"	" 229.03"													
							1560.28	2990.84	" 228.89"	" 229.83"													
							1562.66	2997.62	" 230.52"	" 230.86"													
							1570.50	2999.25	" 230.64"	" 231.84"													
							1586.37	3017.50	" 231.40"	" 232.08"													
							2919.26	3033.78	" 231.47"	" 233.12"													
							2923.92	3036.85	" 232.69"	" 233.46"													
							2985.22	3040.29	" 232.84"	" 233.97"													
							2992.40	3041.11	" 233.50"	" 234.26"													
							3009.73	3067.44	" 234.77"	" 235.70"													
							3021.18	3079.50	" 235.25"	" 236.43"													
							3028.21	3092.10	" 236.49"	" 237.66"													
							3048.58	3096.34	" 236.85"	" 238.49"													
							3052.20	3109.19	" 237.79"	" 238.66"													
							3057.93	3128.99	" 238.52"	" 239.36"													
							3061.78	3130.84	" 239.19"	" 239.86"													
							3071.89	3134.63	" 239.48"	" 240.13"													
							3078.39	3137.31	" 240.01"	" 241.51"													
							3081.31	3141.66	" 240.20"	" 242.35"													
							3101.90	3143.24	" 242.04"	" 242.70"													
							3107.06	3157.88	" 242.71"	" 243.31"													
							3128.17	3161.42	" 243.29"	" 244.21"													
							3134.42	3162.59	" 244.31"	" 245.32"													
							3135.13	3164.46	" 244.50"	" 245.68"													
							3137.31	3169.56	" 245.23"	" 246.56"													
							3139.37	3174.89	" 246.59"	" 247.13"													
							3142.97	3176.54	" 247.34"	" 247.76"													
							3149.77	3182.64	" 248.32"	" 248.83"													
							3152.86	3187.15	" 248.59"	" 249.65"													
							3158.80	3191.09	" 249.10"	" 250.16"													
							3159.31	3200.68	" 249.77"	" 251.45"													
							3169.03	3208.40	" 251.50"	" 251.94"													
							3174.78	3209.10	" 252.00"	" 252.30"													
							3175.45	3218.31	" 252.38"	" 253.16"													
							3179.33	3221.82	" 253.26"	" 253.38"													
							3184.85	3225.86	" 253.48"	" 254.15"													
							3190.48	3233.81	" 253.98"	" 255.04"													
							3193.71	3248.96	" 254.07"	" 255.52"													
							3203.60	3250.62	" 255.75"	" 256.32"													
							3205.90	3259.96	" 256.20"	" 256.61"													
							3209.43	3263.20	" 256.72"	" 257.22"													
							3215.22	3264.99	" 257.73"	" 258.10"													
							3225.77	3272.62	" 258.00"	" 258.72"													
							3227.93	3273.80	" 258.29"	" 259.80"													
							3235.23	3275.75	" 259.55"	" 260.23"													
							3241.73	3276.94	" 260.14"	" 260.33"													
							3249.62	3280.64	" 260.46"	" 260.87"													
							3252.75	3283.46	" 261.11"	" 261.06"													
							3258.12	3289.24	" 261.47"	" 261.90"													
							3258.81	3295.48	" 261.98"	" 262.80"													
							3263.54	3300.09	" 262.79"	" 262.98"													
							3265.83	3312.37	" 263.14"	" 263.64"													
							3271.52	3312.88	" 264.06"	" 264.04"													
							3273.05	3320.46	" 264.81"	" 264.85"													
							3277.28	3330.11	" 265.12"	" 265.85"													
							3278.60	3332.12	" 265.75"	" 266.16"													
							3282.82	3334.48	" 266.68"	" 266.55"													
							3294.21	3338.91	" 266.95"	" 267.39"													
							3294.84	3346.35	" 267.93"	" 267.97"													
							3301.92	3352.37	" 268.43"	" 268.77"													
							3308.62	3354.59	" 268.70"	" 269.93"													
							3316.80	3361.85	" 269.13"	" 270.11"													
							3318.91	3363.97	" 269.50"	" 270.73"													
							3325.34	3364.83	" 270.36"	" 271.22"													
							3329.63	3366.67	" 270.92"	" 271.36"													
							3331.54	3374.53	" 271.90"	" 272.38"													
							3338.10	3375.91	" 272.48"	" 273.53"													
							3341.20	3376.97	" 272.61"	" 274.56"													
							3349.40	3377.73	" 274.04"	" 275.33"													
							3351.98	3380.72	" 274.63"	" 275.77"													
							3353.50	3385.28	" 275.20"	" 276.51"													
							3358.31	3390.81	" 276.26"	" 277.59"													
							3362.93	3393.86	" 276.73"	" 278.96"													
							3372.48	3397.97	" 277.81"	" 279.33"													
							3377.98	3409.58	" 278.85"	" 279.95"													
							3378.21	3409.95	" 279.37"	" 280.20"													
							3379.85	3414.51	" 279.60"	" 280.83"													
							3387.46	3416.32	" 280.39"	" 281.34"													
							3390.08	3419.32	" 280.49"	" 281.75"													
							3393.30	3420.43	" 281.34"	" 282.53"													
							3397.16	3422.96	" 282.53"	" 283.44"													
							3398.37	3425.06	" 283.80"	" 283.76"													
							3402.86	3426.22	" 284.87"	" 284.60"													
							3407.46	3433.70	" 285.34"	" 284.95"													
							3410.58	3436.44	" 285.76"	" 285.64"													
							3414.11	3440.08	" 285.89"	" 286.64"													
							3418.89	3454.08	" 286.80"	" 286.97"													
							3426.02	3464.03	" 287.87"	" 287.86"													
							3427.23	3465.83	" 288.11"	" 288.00"													
							3428.64	3473.09	" 288.78"	" 288.07"													
							3428.75	3488.72	" 289.28"	" 289.24"													
							3431.36	3492.04	" 289.58"	" 289.80"													
							3439.48	3492.48	" 290.19"	" 290.64"													
							3441.84	3501.46	" 290.54"	" 291.06"													
							3461.73	3504.98	" 290.96"	" 291.98"													
							3467.48	3513.55	" 291.22"	" 292.78"													
							3470.21	3514.40	" 292.81"	" 293.34"													
							3472.65	3525.43	" 292.88"	" 294.56"													
							3475.24	3527.36	" 294.41"	" 294.81"													
							3480.82	3563.14	" 294.85"	" 296.39"													
							3484.30	3569.13	" 295.67"	" 296.82"													
							3484.82	3572.47	" 295.98"	" 297.97"													
							3486.02	3587.70	" 296.48"	" 298.41"													
							3506.38	3649.74	" 297.09"	" 298.89"													
							3507.43	3660.17	" 297.56"	" 299.12"													
							3519.47	3661.74	" 297.87"	" 300.11"													
							3526.11	3662.64	" 299.05"	" 300.48"													
							3526.33	3674.67	" 299.68"	" 301.37"													
							3542.82	3675.51	" 300.86"	" 302.05"													
							3565.71	3684.74	" 301.32"	" 302.50"													
							3571.71		" 302.28"	" 302.89"													
							3582.41		" 302.70"	" 303.93"													
							3596.72		" 303.28"	" 304.49"													
							3658.87		" 304.07"	" 305.23"													
							3661.07		" 304.59"	" 306.10"													
							3664.41		" 305.14"	" 306.74"													
							3674.62		" 305.68"	" 307.19"													
							3686.11		" 306.44"	" 307.73"													
							3686.88		" 307.05"	" 308.51"													
									" 308.23"	" 308.72"													
									" 308.81"	" 309.47"													
									" 309.96"	" 310.69"													
									" 310.08"	" 311.21"													
									" 310.61"	" 311.86"													
									" 311.01"	" 312.96"													
									" 311.88"	" 313.52"													
									" 312.19"	" 313.95"													
									" 313.13"	" 314.76"													
									" 313.54"	" 314.85"													
									" 314.63"	" 315.48"													
									" 315.26"	" 316.29"													
									" 315.54"	" 316.63"													
									" 316.11"	" 317.32"													
									" 316.42"	" 317.66"													
									" 317.39"	" 319.14"													
									" 318.15"	" 319.59"													
									" 319.13"	" 320.25"													
									" 320.26"	" 320.61"													
									" 320.41"	" 321.47"													
									" 320.78"	" 322.53"													
									" 321.41"	" 322.87"													
									" 322.02"	" 323.25"													
									" 323.41"	" 324.56"													
									" 323.85"	" 325.23"													
									" 324.40"	" 326.04"													
									" 325.52"	" 326.45"													
									" 326.27"	" 326.84"													
									" 326.59"	" 327.81"													
									" 327.25"	" 328.24"													
									" 327.82"	" 329.09"													
									" 328.52"	" 329.65"													
									" 328.56"	" 329.98"													
									" 329.31"	" 330.56"													
									" 329.97"	" 331.14"													
									" 331.02"	" 331.85"													
									" 331.09"	" 332.27"													
									" 331.63"	" 333.67"													
									" 332.15"	" 334.71"													
									" 332.76"	" 335.34"													
									" 334.24"	" 336.21"													
									" 335.98"	" 336.67"													
									" 336.73"	" 337.52"													
									" 337.36"	" 337.69"													
									" 337.84"	" 338.90"													
									" 338.48"	" 340.28"													
									" 339.53"	" 340.88"													
									" 341.15"	" 341.51"													
									" 341.38"	" 341.60"													
									" 341.63"	" 343.03"													
									" 342.73"	" 343.50"													
									" 343.00"	" 344.96"													
									" 344.52"	" 345.66"													
									" 345.63"	" 346.72"													
									" 346.01"	" 347.08"													
									" 347.46"	" 348.44"													
									" 348.26"	" 348.94"													
									" 348.97"	" 349.32"													
									" 349.84"	" 349.58"													
									" 350.31"	" 350.76"													
									" 350.72"	" 351.44"													
									" 351.18"	" 352.06"													
									" 352.11"	" 352.68"													
									" 352.46"	" 352.80"													
									" 353.04"	" 353.26"													
									" 354.00"	" 355.14"													
									" 355.90"	" 355.54"													
									" 356.55"	" 357.42"													
									" 358.00"	" 359.98"													
									" 358.38"	" 360.23"													
									" 359.21"	" 361.46"													
									" 359.95"	" 361.82"													
									" 362.06"	" 364.40"													
									" 362.67"	" 365.25"													
									" 363.65"	" 365.56"													
									" 364.27"	" 366.20"													
									" 365.63"	" 367.20"													
									" 366.30"	" 368.38"													
									" 366.38"	" 368.89"													
									" 366.99"	" 369.56"													
									" 367.70"	" 370.59"													
									" 368.42"	" 371.62"													
									" 369.50"	" 372.05"													
									" 370.84"	" 372.37"													
									" 371.46"	" 372.75"													
									" 371.99"	" 373.19"													
									" 373.13"	" 374.52"													
									" 373.80"	" 374.77"													
									" 374.16"	" 375.97"													
									" 374.99"	" 376.16"													
									" 375.34"	" 376.82"													
									" 375.75"	" 377.34"													
									" 376.67"	" 377.56"													
									" 377.12"	" 378.49"													
									" 377.87"	" 379.02"													
									" 378.24"	" 379.65"													
									" 378.63"	" 380.36"													
									" 379.77"	" 380.94"													
									" 380.47"	" 381.53"													
									" 381.25"	" 381.90"													
									" 381.82"	" 382.97"													
									" 382.15"	" 384.63"													
									" 383.33"	" 385.05"													
									" 384.49"	" 387.19"													
									" 384.76"	" 387.75"													
									" 386.00"	" 388.25"													
									" 386.28"	" 388.67"													
									" 387.22"	" 390.32"													
									" 388.14"	" 390.67"													
									" 388.83"	" 391.17"													
									" 389.51"	" 392.03"													
									" 390.15"	" 393.06"													
									" 390.50"	" 394.24"													
									" 392.20"	" 394.52"													
									" 392.49"	" 394.78"													
									" 393.18"	" 395.37"													
									" 393.93"	" 396.90"													
									" 394.97"	" 398.03"													
									" 396.35"	" 398.20"													
									" 396.84"	" 398.65"													
									" 397.00"	" 399.01"													
									" 397.79"	" 399.63"													
									" 398.81"	" 401.21"													
									" 399.44"	" 401.84"													
									" 399.89"	" 403.12"													
									" 400.14"	" 404.51"													
									" 401.23"	" 405.15"													
									" 401.76"	" 405.86"													
									" 404.17"	" 407.36"													
									" 404.87"	" 407.82"													
									" 405.56"	" 408.45"													
									" 406.87"	" 409.23"													
									" 407.67"	" 409.92"													
									" 408.34"	" 410.29"													
									" 409.13"	" 411.35"													
									" 409.67"	" 411.99"													
									" 410.16"	" 413.35"													
									" 411.89"	" 414.68"													
									" 412.41"	" 415.06"													
									" 413.73"	" 415.76"													
									" 414.22"	" 416.33"													
									" 415.28"	" 416.84"													
									" 415.51"	" 417.32"													
									" 416.69"	" 417.84"													
									" 417.14"	" 418.63"													
									" 417.32"	" 419.18"													
									" 418.57"	" 420.28"													
									" 418.91"	" 420.87"													
									" 419.22"	" 421.47"													
									" 419.90"	" 422.57"													
									" 421.48"	" 422.97"													
									" 422.22"	" 424.78"													
									" 422.69"	" 425.19"													
									" 423.33"	" 426.56"													
									" 423.58"	" 427.08"													
									" 424.39"	" 428.09"													
									" 425.78"	" 429.02"													
									" 427.07"	" 429.86"													
									" 427.76"	" 430.31"													
									" 428.40"	" 430.45"													
									" 429.06"	" 431.89"													
									" 430.26"	" 432.43"													
									" 430.53"	" 433.11"													
									" 433.10"	" 434.21"													
									" 433.71"	" 435.01"													
									" 434.26"	" 435.60"													
									" 434.77"	" 437.04"													
									" 435.33"	" 438.98"													
									" 435.88"	" 439.31"													
									" 436.27"	" 439.73"													
									" 437.93"	" 440.16"													
									" 438.48"	" 440.62"													
									" 439.24"	" 441.85"													
									" 441.03"	" 443.10"													
									" 441.63"	" 444.09"													
									" 442.46"	" 444.64"													
									" 443.38"	" 445.63"													
									" 444.20"	" 446.28"													
									" 444.89"	" 446.52"													
									" 445.45"	" 447.55"													
									" 446.16"	" 449.34"													
									" 446.96"	" 451.50"													
									" 448.33"	" 451.92"													
									" 450.07"	" 453.12"													
									" 450.82"	" 453.80"													
									" 451.65"	" 454.23"													
									" 453.20"	" 456.01"													
									" 453.71"	" 456.53"													
									" 454.39"	" 457.21"													
									" 456.29"	" 457.97"													
									" 456.59"	" 459.60"													
									" 458.84"	" 459.88"													
									" 459.65"	" 460.33"													
									" 460.19"	" 463.72"													
									" 460.98"	" 464.58"													
									" 461.55"	" 466.19"													
									" 463.10"	" 466.36"													
									" 463.95"	" 467.58"													
									" 464.56"	" 467.79"													
									" 466.91"	" 467.97"													
									" 467.34"	" 470.32"													
									" 468.09"	" 470.77"													
									" 468.47"	" 471.77"													
									" 469.07"	" 472.29"													
									" 470.09"	" 473.94"													
									" 471.33"	" 474.75"													
									" 472.18"	" 474.97"													
									" 473.36"	" 475.77"													
									" 473.87"	" 476.00"													
									" 474.37"	" 476.90"													
									" 476.61"	" 478.20"													
									" 477.05"	" 479.31"													
									" 477.51"	" 479.84"													
									" 478.51"	" 480.97"													
									" 478.85"	" 481.56"													
									" 479.91"	" 482.40"													
									" 480.06"	" 482.59"													
									" 480.78"	" 483.95"													
									" 482.01"	" 484.60"													
									" 482.77"	" 485.99"													
									" 484.27"	" 487.25"													
									" 484.75"	" 487.52"													
									" 485.17"	" 488.71"													
									" 486.14"	" 489.45"													
									" 486.72"	" 489.60"													
									" 487.73"	" 490.31"													
									" 488.33"	" 491.24"													
									" 488.84"	" 492.72"													
									" 489.23"	" 493.52"													
									" 490.50"	" 494.65"													
									" 490.84"	" 495.26"													
									" 491.30"	" 496.02"													
									" 492.72"	" 496.77"													
									" 494.22"	" 497.47"													
									" 494.98"	" 498.03"													
									" 495.43"	" 498.43"													
									" 495.67"	" 499.14"													
									" 497.16"	" 500.75"													
									" 497.49"	" 501.85"													
									" 497.96"	" 502.82"													
									" 499.73"	" 504.14"													
									" 501.62"	" 504.28"													
									" 502.04"	" 505.29"													
									" 502.61"	" 505.63"													
									" 504.24"	" 506.64"													
									" 505.02"	" 507.81"													
									" 505.13"	" 508.64"													
									" 506.63"	" 509.27"													
									" 507.48"	" 509.63"													
									" 507.76"	" 510.54"													
									" 508.45"	" 511.30"													
									" 509.11"	" 511.62"													
									" 509.71"	" 512.58"													
									" 510.40"	" 512.88"													
									" 510.80"	" 513.38"													
									" 511.01"	" 514.28"													
									" 512.35"	" 514.65"													
									" 512.88"	" 515.38"													
									" 513.03"	" 516.20"													
									" 513.90"	" 516.37"													
									" 514.74"	" 518.00"													
									" 515.34"	" 519.31"													
									" 516.13"	" 519.53"													
									" 517.99"	" 520.01"													
									" 518.48"	" 521.17"													
									" 519.29"	" 522.94"													
									" 520.04"	" 524.46"													
									" 520.96"	" 524.87"													
									" 521.87"	" 525.94"													
									" 523.64"	" 526.20"													
									" 523.81"	" 527.10"													
									" 525.03"	" 528.72"													
									" 525.98"	" 529.96"													
									" 526.78"	" 530.33"													
									" 527.41"	" 530.97"													
									" 528.20"	" 531.76"													
									" 528.87"	" 533.20"													
									" 529.80"	" 534.83"													
									" 532.17"	" 535.22"													
									" 533.50"	" 535.56"													
									" 533.53"	" 535.97"													
									" 534.54"	" 537.13"													
									" 535.12"	" 537.56"													
									" 535.29"	" 539.17"													
									" 536.59"	" 539.45"													
									" 537.00"	" 540.72"													
									" 537.77"	" 541.70"													
									" 538.48"	" 542.05"													
									" 539.51"	" 543.30"													
									" 540.80"	" 543.61"													
									" 542.41"	" 544.92"													
									" 543.03"	" 546.10"													
									" 543.41"	" 546.63"													
									" 543.82"	" 548.26"													
									" 544.61"	" 548.64"													
									" 545.57"	" 548.89"													
									" 546.54"	" 549.90"													
									" 547.45"	" 550.95"													
									" 547.78"	" 551.83"													
									" 548.44"	" 552.53"													
									" 549.36"	" 552.92"													
									" 550.06"	" 553.44"													
									" 550.42"	" 554.56"													
									" 551.74"	" 556.30"													
									" 552.03"	" 556.51"													
									" 552.65"	" 557.58"													
									" 553.41"	" 558.00"													
									" 554.82"	" 559.17"													
									" 554.84"	" 560.29"													
									" 556.28"	" 560.63"													
									" 557.39"	" 561.01"													
									" 557.74"	" 561.96"													
									" 558.78"	" 562.42"													
									" 559.42"	" 563.67"													
									" 559.76"	" 564.17"													
									" 560.45"	" 564.98"													
									" 561.27"	" 566.84"													
									" 561.88"	" 567.09"													
									" 562.81"	" 567.55"													
									" 563.85"	" 568.46"													
									" 564.61"	" 568.96"													
									" 565.51"	" 569.36"													
									" 566.28"	" 571.37"													
									" 566.90"	" 571.45"													
									" 568.78"	" 572.25"													
									" 569.40"	" 573.03"													
									" 569.64"	" 574.18"													
									" 570.80"	" 574.54"													
									" 572.10"	" 575.21"													
									" 572.52"	" 575.81"													
									" 572.90"	" 575.97"													
									" 573.44"	" 577.72"													
									" 574.17"	" 578.17"													
									" 575.37"	" 578.34"													
									" 575.93"	" 578.96"													
									" 576.51"	" 579.97"													
									" 577.29"	" 580.15"													
									" 577.68"	" 581.03"													
									" 578.65"	" 581.39"													
									" 579.24"	" 583.19"													
									" 580.22"	" 583.47"													
									" 581.16"	" 584.22"													
									" 581.69"	" 586.01"													
									" 582.45"	" 586.23"													
									" 583.33"	" 586.41"													
									" 583.79"	" 587.88"													
									" 585.00"	" 588.79"													
									" 586.57"	" 589.51"													
									" 586.97"	" 589.72"													
									" 587.36"	" 590.30"													
									" 587.75"	" 590.82"													
									" 588.37"	" 591.13"													
									" 589.18"	" 592.54"													
									" 590.42"	" 593.14"													
									" 591.43"	" 593.70"													
									" 591.48"	" 594.49"													
									" 592.21"	" 594.71"													
									" 593.31"	" 595.74"													
									" 594.33"	" 596.09"													
									" 595.32"	" 597.91"													
									" 595.87"	" 599.68"													
									" 596.67"	" 600.71"													
									" 597.65"	" 601.32"													
									" 598.24"	" 601.53"													
									" 598.88"	" 602.85"													
									" 600.59"	" 603.80"													
									" 601.38"	" 604.01"													
									" 601.59"	" 604.59"													
									" 602.44"	" 605.25"													
									" 603.58"	" 606.04"													
									" 604.25"	" 606.86"													
									" 605.33"	" 607.90"													
									" 605.81"	" 608.48"													
									" 606.74"	" 609.02"													
									" 607.10"	" 610.44"													
									" 608.42"	" 611.18"													
									" 609.42"	" 612.73"													
									" 609.96"	" 613.23"													
									" 611.17"	" 613.83"													
									" 612.11"	" 614.21"													
									" 612.41"	" 614.72"													
									" 613.47"	" 615.88"													
									" 614.62"	" 616.28"													
									" 614.86"	" 618.20"													
									" 615.18"	" 618.45"													
									" 616.56"	" 618.97"													
									" 617.76"	" 619.79"													
									" 617.98"	" 620.34"													
									" 619.04"	" 621.48"													
									" 619.70"	" 622.13"													
									" 620.35"	" 622.98"													
									" 621.77"	" 623.37"													
									" 622.20"	" 624.20"													
									" 622.82"	" 624.96"													
									" 623.53"	" 625.46"													
									" 623.94"	" 625.97"													
									" 624.15"	" 627.43"													
									" 625.26"	" 627.69"													
									" 625.76"	" 629.57"													
									" 626.88"	" 629.87"													
									" 627.52"	" 630.41"													
									" 629.46"	" 631.22"													
									" 630.02"	" 632.51"													
									" 631.23"	" 633.58"													
									" 631.72"	" 634.17"													
									" 632.22"	" 635.67"													
									" 633.40"	" 636.54"													
									" 634.09"	" 636.86"													
									" 634.40"	" 637.82"													
									" 635.25"	" 639.41"													
									" 636.17"	" 640.51"													
									" 636.73"	" 640.89"													
									" 637.28"	" 642.15"													
									" 639.11"	" 643.18"													
									" 640.83"	" 644.90"													
									" 641.48"	" 645.71"													
									" 642.29"	" 646.31"													
									" 643.09"	" 647.61"													
									" 643.80"	" 647.97"													
									" 644.85"	" 648.78"													
									" 645.80"	" 650.79"													
									" 646.24"	" 651.20"													
									" 647.70"	" 652.00"													
									" 648.52"	" 653.23"													
									" 649.62"	" 653.98"													
									" 650.86"	" 656.05"													
									" 651.35"	" 656.77"													
									" 652.53"	" 657.10"													
									" 653.72"	" 657.61"													
									" 655.39"	" 658.09"													
									" 656.46"	" 659.22"													
									" 656.90"	" 660.99"													
									" 657.78"	" 661.57"													
									" 658.41"	" 663.07"													
									" 658.67"	" 663.21"													
									" 659.84"	" 664.43"													
									" 660.69"	" 664.92"													
									" 661.03"	" 665.81"													
									" 662.57"	" 666.87"													
									" 663.80"	" 667.20"													
									" 664.55"	" 668.56"													
									" 664.88"	" 669.59"													
									" 665.76"	" 670.24"													
									" 666.55"	" 670.58"													
									" 667.70"	" 671.48"													
									" 667.87"	" 672.01"													
									" 669.90"	" 673.08"													
									" 670.10"	" 674.21"													
									" 671.12"	" 674.92"													
									" 671.52"	" 675.60"													
									" 672.98"	" 677.23"													
									" 674.17"	" 677.67"													
									" 674.77"	" 678.26"													
									" 674.89"	" 678.63"													
									" 675.87"	" 679.88"													
									" 677.15"	" 681.02"													
									" 677.63"	" 682.52"													
									" 677.67"	" 683.15"													
									" 679.03"	" 685.98"													
									" 680.51"	" 686.31"													
									" 682.00"	" 686.78"													
									" 682.89"	" 687.59"													
									" 683.59"	" 687.85"													
									" 685.28"	" 688.97"													
									" 686.51"	" 690.06"													
									" 687.21"	" 691.93"													
									" 687.64"	" 692.86"													
									" 688.25"	" 693.49"													
									" 689.87"	" 694.59"													
									" 690.68"	" 696.26"													
									" 691.67"	" 696.45"													
									" 692.93"	" 696.73"													
									" 693.67"	" 698.04"													
									" 694.08"	" 698.63"													
									" 694.62"	" 700.09"													
									" 696.52"	" 701.02"													
									" 696.88"	" 701.43"													
									" 697.72"	" 703.17"													
									" 698.42"	" 703.69"													
									" 699.22"	" 704.24"													
									" 700.30"	" 705.15"													
									" 700.59"	" 706.32"													
									" 702.21"	" 707.02"													
									" 702.51"	" 707.76"													
									" 703.24"	" 708.52"													
									" 704.00"	" 710.87"													
									" 704.67"	" 711.26"													
									" 704.82"	" 712.29"													
									" 706.71"	" 713.70"													
									" 707.11"	" 714.85"													
									" 708.65"	" 715.05"													
									" 710.43"	" 716.00"													
									" 710.61"	" 717.06"													
									" 711.73"	" 717.96"													
									" 712.62"	" 718.38"													
									" 714.07"	" 719.28"													
									" 714.56"	" 719.81"													
									" 715.21"	" 720.48"													
									" 716.75"	" 721.97"													
									" 717.55"	" 723.42"													
									" 717.59"	" 724.31"													
									" 718.96"	" 724.65"													
									" 719.17"	" 725.50"													
									" 719.67"	" 726.00"													
									" 720.47"	" 727.46"													
									" 722.15"	" 729.28"													
									" 722.78"	" 729.54"													
									" 724.50"	" 732.66"													
									" 725.46"	" 733.22"													
									" 727.13"	" 734.15"													
									" 727.74"	" 735.04"													
									" 729.17"	" 736.19"													
									" 729.55"	" 737.28"													
									" 730.66"	" 738.17"													
									" 731.72"	" 739.02"													
									" 733.52"	" 740.06"													
									" 734.02"	" 740.72"													
									" 735.91"	" 741.66"													
									" 736.65"	" 743.02"													
									" 737.31"	" 743.66"													
									" 739.11"	" 744.62"													
									" 740.26"	" 745.75"													
									" 740.92"	" 747.48"													
									" 741.90"	" 747.97"													
									" 744.02"	" 749.81"													
									" 744.60"	" 751.09"													
									" 746.00"	" 751.78"													
									" 746.41"	" 752.26"													
									" 747.46"	" 753.16"													
									" 748.86"	" 753.50"													
									" 749.81"	" 754.35"													
									" 750.29"	" 755.00"													
									" 750.95"	" 756.08"													
									" 751.76"	" 758.21"													
									" 752.81"	" 759.20"													
									" 753.38"	" 760.09"													
									" 755.86"	" 760.58"													
									" 756.46"	" 762.24"													
									" 757.21"	" 763.59"													
									" 759.20"	" 764.61"													
									" 759.58"	" 765.62"													
									" 760.20"	" 766.73"													
									" 762.15"	" 767.93"													
									" 762.75"	" 769.33"													
									" 763.57"	" 770.37"													
									" 763.92"	" 772.54"													
									" 766.06"	" 773.47"													
									" 766.27"	" 773.90"													
									" 767.96"	" 775.98"													
									" 770.94"	" 776.57"													
									" 771.06"	" 777.61"													
									" 771.81"	" 779.39"													
									" 773.58"	" 780.77"													
									" 775.18"	" 781.23"													
									" 776.28"	" 782.98"													
									" 777.75"	" 783.31"													
									" 779.69"	" 785.24"													
									" 781.17"	" 786.25"													
									" 781.36"	" 787.80"													
									" 782.44"	" 788.67"													
									" 784.09"	" 788.97"													
									" 785.19"	" 790.32"													
									" 786.18"	" 791.57"													
									" 787.71"	" 793.91"													
									" 788.54"	" 794.41"													
									" 789.74"	" 794.53"													
									" 790.78"	" 796.02"													
									" 791.99"	" 796.97"													
									" 792.54"	" 797.41"													
									" 793.42"	" 799.14"													
									" 795.02"	" 799.51"													
									" 796.34"	" 800.37"													
									" 796.95"	" 802.10"													
									" 798.91"	" 803.51"													
									" 799.78"	" 804.93"													
									" 800.78"	" 805.63"													
									" 801.24"	" 807.30"													
									" 802.43"	" 807.66"													
									" 804.50"	" 809.57"													
									" 806.02"	" 809.96"													
									" 807.09"	" 811.25"													
									" 807.76"	" 813.42"													
									" 809.89"	" 815.68"													
									" 811.42"	" 816.60"													
									" 812.56"	" 818.88"													
									" 813.94"	" 820.47"													
									" 814.72"	" 822.33"													
									" 816.55"	" 823.29"													
									" 817.12"	" 825.86"													
									" 818.59"	" 827.68"													
									" 820.38"	" 828.83"													
									" 820.99"	" 831.65"													
									" 821.28"	" 832.71"													
									" 823.48"	" 833.62"													
									" 824.71"	" 833.64"													
									" 828.65"	" 836.04"													
									" 828.82"	" 837.96"													
									" 831.70"	" 839.69"													
									" 831.94"	" 841.29"													
									" 834.15"	" 844.64"													
									" 835.28"	" 844.91"													
									" 837.32"	" 846.34"													
									" 838.72"	" 848.52"													
									" 839.84"	" 848.90"													
									" 841.17"	" 849.82"													
									" 843.22"	" 852.10"													
									" 844.11"	" 852.70"													
									" 847.60"	" 853.68"													
									" 848.68"	" 855.20"													
									" 849.21"	" 856.35"													
									" 851.63"	" 860.29"													
									" 852.50"	" 862.10"													
									" 853.14"	" 864.07"													
									" 854.60"	" 864.37"													
									" 855.31"	" 865.51"													
									" 860.31"	" 868.09"													
									" 860.71"	" 869.20"													
									" 862.60"	" 871.09"													
									" 863.39"	" 873.16"													
									" 865.15"	" 874.47"													
									" 867.65"	" 877.27"													
									" 868.20"	" 878.20"													
									" 869.24"	" 880.01"													
									" 873.00"	" 880.64"													
									" 873.35"	" 882.37"													
									" 875.91"	" 885.78"													
									" 877.36"	" 887.37"													
									" 878.40"	" 887.88"													
									" 878.99"	" 893.10"													
									" 879.84"	" 895.23"													
									" 881.80"	" 896.31"													
									" 884.19"	" 897.93"													
									" 886.16"	" 900.37"													
									" 886.29"	" 901.76"													
									" 887.84"	" 903.34"													
									" 893.19"	" 905.52"													
									" 893.54"	" 906.71"													
									" 895.85"	" 912.06"													
									" 896.99"	" 912.15"													
									" 899.56"	" 912.80"													
									" 901.18"	" 913.03"													
									" 902.63"	" 916.71"													
									" 905.39"	" 917.47"													
									" 905.61"	" 919.22"													
									" 908.62"	" 919.88"													
									" 911.09"	" 922.87"													
									" 912.12"	" 924.53"													
									" 913.82"	" 926.62"													
									" 915.70"	" 928.10"													
									" 917.53"	" 932.43"													
									" 918.49"	" 933.37"													
									" 921.35"	" 935.86"													
									" 922.75"	" 940.57"													
									" 925.87"	" 941.90"													
									" 927.32"	" 943.88"													
									" 931.18"	" 947.87"													
									" 934.07"	" 949.05"													
									" 935.40"	" 950.02"													
									" 937.69"	" 953.50"													
									" 941.46"	" 955.17"													
									" 943.53"	" 957.13"													
									" 945.58"	" 961.75"													
									" 946.51"	" 965.25"													
									" 949.28"	" 966.47"													
									" 951.94"	" 967.54"													
									" 955.21"	" 969.07"													
									" 956.23"	" 971.56"													
									" 959.11"	" 973.08"													
									" 960.26"	" 976.68"													
									" 963.06"	" 980.35"													
									" 965.70"	" 982.07"													
									" 967.32"	" 983.93"													
									" 968.90"	" 986.03"													
									" 971.53"	" 988.24"													
									" 973.71"	" 990.17"													
									" 977.71"	" 995.95"													
									" 979.91"	" 996.53"													
									" 981.34"	" 998.24"													
									" 983.95"	1000.39													
									" 986.62"	1002.97													
									" 989.92"	1007.85													
									" 991.61"	1008.18													
									" 995.59"	1016.23													
									" 997.51"	1028.28													
									" 999.67"	1041.34													
									1004.32	1046.62													
									1007.18	1065.17													
									1016.14	1428.94													
									1017.49	1435.50													
									1025.82	1439.97													
									1027.33	1447.69													
									1047.36	1454.72													
									1065.89	1456.86													
									1427.48	1458.98													
									1433.96	1460.22													
									1441.14	1461.23													
									1444.19	1463.10													
									1444.94	1464.44													
									1449.44	1465.05													
									1453.23	1468.24													
									1456.22	1468.84													
									1458.38	1469.36													
									1459.94	1469.93													
									1463.60	1471.37													
									1465.26	1472.24													
									1467.11	1473.25													
									1468.16	1473.86													
									1468.67	1473.98													
									1469.64	1476.63													
									1470.34	1477.30													
									1471.26	1478.23													
									1472.47	1478.44													
									1473.77	1479.41													
									1474.50	1479.50													
									1476.58	1479.90													
									1477.63	1480.39													
									1477.92	1482.49													
									1478.39	1483.08													
									1478.54	1484.32													
									1479.12	1484.85													
									1479.90	1486.44													
									1480.03	1486.79													
									1480.40	1487.31													
									1481.57	1487.77													
									1481.84	1489.19													
									1483.47	1489.94													
									1484.28	1490.60													
									1485.42	1491.42													
									1486.27	1492.27													
									1486.77	1493.01													
									1487.29	1494.67													
									1488.40	1495.15													
									1488.98	1495.52													
									1489.85	1495.80													
									1491.53	1496.27													
									1491.82	1496.96													
									1492.33	1497.63													
									1494.51	1498.40													
									1495.13	1498.89													
									1495.80	1499.76													
									1496.04	1500.25													
									1496.76	1500.56													
									1497.62	1501.54													
									1497.79	1502.50													
									1498.27	1502.66													
									1498.63	1503.39													
									1498.91	1503.67													
									1499.73	1504.84													
									1500.26	1505.32													
									1500.90	1506.23													
									1501.35	1506.68													
									1502.01	1506.94													
									1502.48	1507.69													
									1502.96	1508.07													
									1503.72	1508.21													
									1504.75	1509.52													
									1505.19	1509.72													
									1505.82	1509.98													
									1506.70	1511.51													
									1507.29	1511.88													
									1508.25	1512.54													
									1508.57	1513.26													
									1508.93	1513.69													
									1509.40	1514.36													
									1509.83	1514.48													
									1510.32	1515.08													
									1511.14	1515.29													
									1511.75	1515.61													
									1512.29	1516.04													
									1512.47	1516.46													
									1513.32	1516.84													
									1513.77	1517.68													
									1514.32	1517.75													
									1514.94	1518.27													
									1515.27	1518.64													
									1515.62	1518.88													
									1515.84	1519.55													
									1517.09	1520.08													
									1517.30	1520.45													
									1517.43	1520.64													
									1517.80	1520.95													
									1518.56	1521.32													
									1518.89	1522.12													
									1519.18	1522.33													
									1519.69	1523.30													
									1519.98	1523.68													
									1520.42	1523.84													
									1520.77	1524.67													
									1521.36	1525.30													
									1521.63	1525.65													
									1521.95	1525.89													
									1522.27	1526.12													
									1523.00	1526.96													
									1523.29	1527.22													
									1523.57	1527.97													
									1524.36	1528.33													
									1525.31	1528.87													
									1525.80	1529.71													
									1526.42	1529.96													
									1526.54	1530.81													
									1526.88	1530.91													
									1527.74	1530.95													
									1528.17	1531.37													
									1529.26	1531.77													
									1529.40	1532.19													
									1529.65	1532.60													
									1530.18	1533.03													
									1530.77	1533.64													
									1531.09	1533.79													
									1531.32	1534.10													
									1531.73	1534.45													
									1532.16	1535.33													
									1532.62	1535.62													
									1532.86	1536.36													
									1533.46	1536.69													
									1533.66	1537.05													
									1534.46	1537.48													
									1534.82	1537.76													
									1534.94	1537.91													
									1535.32	1538.08													
									1535.98	1538.77													
									1537.11	1539.53													
									1537.67	1539.93													
									1537.79	1540.59													
									1537.95	1540.80													
									1538.22	1540.97													
									1538.53	1541.80													
									1539.13	1542.11													
									1539.33	1542.27													
									1539.84	1542.40													
									1540.76	1542.65													
									1540.83	1543.20													
									1541.19	1543.88													
									1541.41	1544.67													
									1541.80	1545.23													
									1542.26	1545.68													
									1542.76	1546.30													
									1543.27	1546.73													
									1543.69	1547.25													
									1544.52	1547.58													
									1545.22	1547.86													
									1545.57	1548.88													
									1546.07	1549.47													
									1546.39	1550.43													
									1547.00	1550.69													
									1547.23	1551.42													
									1547.76	1551.50													
									1548.28	1552.77													
									1548.46	1553.01													
									1548.93	1554.13													
									1549.60	1554.54													
									1550.59	1555.08													
									1551.15	1555.37													
									1551.59	1555.84													
									1552.00	1556.18													
									1552.53	1556.75													
									1553.00	1557.31													
									1553.38	1558.50													
									1554.02	1559.21													
									1555.09	1559.73													
									1555.18	1560.42													
									1556.29	1561.37													
									1556.90	1562.22													
									1556.96	1563.39													
									1558.15	1564.52													
									1559.20	1564.67													
									1560.36	1565.23													
									1560.85	1565.94													
									1560.99	1566.36													
									1563.13	1567.54													
									1563.84	1568.24													
									1564.46	1569.53													
									1564.63	1569.91													
									1565.84	1570.85													
									1566.16	1571.20													
									1566.87	1571.94													
									1567.34	1572.43													
									1567.41	1573.06													
									1568.34	1574.48													
									1569.08	1575.18													
									1571.00	1576.13													
									1571.23	1578.42													
									1571.80	1579.26													
									1572.64	1581.11													
									1573.18	1582.77													
									1574.39	1586.04													
									1575.10	1586.37													
									1575.64	2762.43													
									1577.56	2785.95													
									1580.40	2808.27													
									1582.37	2859.70													
									1585.79	2907.97													
									1586.55	2920.62													
									1587.81	2934.28													
									2749.67	2936.54													
									2784.75	2956.79													
									2869.93	2980.02													
									2916.08	2982.88													
									2920.23	2986.62													
									2927.78	2989.06													
									2936.89	2995.33													
									2940.98	2998.40													
									2980.09	3004.75													
									2983.90	3005.16													
									2987.73	3010.10													
									2989.25	3011.49													
									2990.82	3017.10													
									2993.96	3029.06													
									3004.59	3030.89													
									3005.24	3032.76													
									3009.15	3035.10													
									3018.80	3036.31													
									3024.85	3038.89													
									3025.24	3040.08													
									3027.86	3044.30													
									3033.18	3047.82													
									3033.40	3051.32													
									3036.47	3053.20													
									3044.58	3058.60													
									3047.92	3062.21													
									3050.79	3063.86													
									3053.07	3070.19													
									3053.87	3072.52													
									3055.59	3075.58													
									3058.63	3077.23													
									3062.66	3077.94													
									3064.02	3080.10													
									3064.41	3083.53													
									3066.13	3086.26													
									3067.25	3091.28													
									3070.54	3094.64													
									3073.81	3098.30													
									3074.04	3099.32													
									3075.30	3102.40													
									3077.76	3104.33													
									3078.70	3108.90													
									3081.90	3114.14													
									3085.31	3116.65													
									3093.32	3117.50													
									3096.02	3125.61													
									3100.07	3127.66													
									3100.79	3127.83													
									3101.49	3128.80													
									3104.12	3131.66													
									3116.87	3133.54													
									3118.33	3134.94													
									3124.31	3135.86													
									3128.68	3136.40													
									3129.33	3137.18													
									3131.26	3138.72													
									3131.70	3140.47													
									3133.20	3141.98													
									3134.26	3142.36													
									3135.13	3143.31													
									3135.68	3145.70													
									3135.84	3146.65													
									3138.08	3148.73													
									3139.70	3149.00													
									3140.96	3150.94													
									3141.26	3154.12													
									3142.28	3154.61													
									3143.75	3155.24													
									3143.94	3156.07													
									3146.02	3156.63													
									3147.92	3157.46													
									3150.15	3159.44													
									3150.50	3161.57													
									3150.92	3162.64													
									3153.09	3163.33													
									3153.47	3163.89													
									3154.08	3164.87													
									3156.58	3167.26													
									3157.89	3169.96													
									3158.93	3171.33													
									3161.64	3172.79													
									3163.57	3174.89													
									3164.70	3175.63													
									3165.50	3177.93													
									3166.54	3178.63													
									3169.20	3180.96													
									3170.88	3183.12													
									3173.39	3186.30													
									3174.15	3186.92													
									3174.60	3187.93													
									3175.79	3189.84													
									3176.50	3190.22													
									3177.13	3190.55													
									3181.43	3191.71													
									3183.63	3193.22													
									3184.04	3194.51													
									3187.73	3196.88													
									3188.77	3197.23													
									3189.83	3197.64													
									3190.63	3200.34													
									3192.06	3202.88													
									3193.82	3203.19													
									3195.36	3205.15													
									3196.31	3206.72													
									3197.03	3208.39													
									3199.33	3211.13													
									3201.09	3213.89													
									3202.77	3215.45													
									3204.49	3216.33													
									3205.53	3217.80													
									3206.86	3218.05													
									3210.02	3218.29													
									3210.38	3220.89													
									3211.82	3222.43													
									3214.31	3226.16													
									3215.64	3226.67													
									3216.71	3227.85													
									3217.09	3229.57													
									3218.93	3230.26													
									3220.75	3232.70													
									3223.36	3234.18													
									3226.70	3235.48													
									3226.94	3236.29													
									3229.79	3237.29													
									3230.69	3239.91													
									3231.54	3241.85													
									3232.54	3242.09													
									3233.23	3247.18													
									3234.04	3248.87													
									3234.83	3255.09													
									3236.99	3255.46													
									3238.92	3256.00													
									3239.74	3257.39													
									3241.79	3261.05													
									3244.91	3261.44													
									3247.24	3262.73													
									3250.62	3264.18													
									3252.86	3265.75													
									3253.66	3266.29													
									3254.30	3267.50													
									3256.62	3268.65													
									3257.45	3269.10													
									3259.88	3269.80													
									3260.91	3272.56													
									3262.73	3274.17													
									3264.51	3275.78													
									3264.81	3276.56													
									3266.39	3277.13													
									3269.00	3278.67													
									3270.58	3279.20													
									3272.09	3280.25													
									3273.43	3281.25													
									3274.54	3282.68													
									3275.92	3284.54													
									3276.54	3285.75													
									3278.85	3287.17													
									3279.35	3288.36													
									3279.64	3290.33													
									3281.52	3292.36													
									3284.06	3293.95													
									3285.37	3295.90													
									3286.74	3296.54													
									3287.43	3298.21													
									3289.59	3299.29													
									3290.94	3300.65													
									3292.49	3303.12													
									3294.62	3306.19													
									3295.59	3307.81													
									3296.46	3308.50													
									3297.88	3311.96													
									3299.71	3312.45													
									3300.80	3314.17													
									3301.30	3315.44													
									3303.03	3315.76													
									3305.49	3316.34													
									3307.54	3316.93													
									3308.37	3317.80													
									3310.57	3322.62													
									3311.77	3323.94													
									3312.18	3325.04													
									3315.01	3325.47													
									3315.16	3327.70													
									3315.82	3329.14													
									3316.38	3330.25													
									3317.51	3331.50													
									3317.78	3333.62													
									3318.59	3334.10													
									3319.52	3335.18													
									3321.66	3337.89													
									3323.24	3340.08													
									3323.68	3340.75													
									3326.07	3342.85													
									3329.80	3345.75													
									3331.24	3346.22													
									3333.17	3348.07													
									3333.37	3349.02													
									3334.96	3351.68													
									3335.72	3352.36													
									3340.61	3353.46													
									3340.72	3353.73													
									3343.43	3354.43													
									3344.35	3355.46													
									3347.01	3355.92													
									3347.81	3358.50													
									3349.27	3359.82													
									3350.23	3360.43													
									3352.13	3361.87													
									3352.52	3362.10													
									3352.91	3362.90													
									3353.41	3363.51													
									3354.44	3364.60													
									3356.27	3365.07													
									3356.96	3365.53													
									3357.22	3366.55													
									3357.44	3366.97													
									3358.51	3368.29													
									3359.19	3368.93													
									3359.69	3369.61													
									3360.41	3370.44													
									3363.67	3371.99													
									3363.91	3372.73													
									3365.18	3373.81													
									3366.61	3375.32													
									3367.82	3375.87													
									3368.15	3376.51													
									3368.81	3377.29													
									3369.42	3377.63													
									3371.43	3379.81													
									3371.96	3380.20													
									3372.52	3380.88													
									3374.03	3381.62													
									3375.17	3383.13													
									3375.61	3383.75													
									3376.01	3384.34													
									3377.49	3386.59													
									3378.98	3386.95													
									3381.20	3387.99													
									3381.55	3390.95													
									3382.56	3391.54													
									3384.11	3393.26													
									3386.23	3397.09													
									3386.68	3399.40													
									3388.16	3400.53													
									3389.04	3401.71													
									3391.55	3402.46													
									3391.58	3403.55													
									3393.03	3404.41													
									3397.52	3409.03													
									3398.81	3409.39													
									3400.65	3409.62													
									3400.95	3410.27													
									3402.37	3411.24													
									3403.50	3415.16													
									3403.64	3415.53													
									3406.36	3415.94													
									3407.49	3416.50													
									3408.07	3417.16													
									3408.22	3417.68													
									3409.37	3418.20													
									3410.61	3420.64													
									3413.66	3420.77													
									3414.22	3421.84													
									3415.28	3422.70													
									3415.75	3423.05													
									3416.23	3425.49													
									3416.83	3426.06													
									3417.55	3426.62													
									3419.70	3429.90													
									3421.34	3430.71													
									3421.73	3431.85													
									3423.31	3433.88													
									3424.27	3434.29													
									3427.77	3435.72													
									3429.07	3437.45													
									3429.71	3440.08													
									3430.99	3440.75													
									3433.07	3441.48													
									3434.57	3442.68													
									3435.61	3443.65													
									3436.31	3445.20													
									3437.23	3445.90													
									3438.06	3448.66													
									3439.46	3450.18													
									3441.08	3452.03													
									3441.51	3454.10													
									3441.86	3455.81													
									3442.15	3456.11													
									3442.89	3457.09													
									3445.51	3458.67													
									3448.73	3465.52													
									3450.79	3466.35													
									3451.57	3468.26													
									3453.08	3468.78													
									3454.05	3469.78													
									3454.68	3471.09													
									3455.42	3472.14													
									3461.82	3473.46													
									3464.95	3473.92													
									3466.19	3476.44													
									3467.05	3478.86													
									3467.30	3482.35													
									3468.75	3483.13													
									3468.77	3485.81													
									3473.53	3488.40													
									3474.69	3488.81													
									3475.59	3490.27													
									3477.79	3492.06													
									3478.58	3492.24													
									3481.71	3492.28													
									3484.66	3492.64													
									3484.99	3493.55													
									3486.48	3495.85													
									3490.07	3499.88													
									3492.09	3500.26													
									3492.64	3500.67													
									3492.69	3502.19													
									3493.50	3502.92													
									3494.85	3504.74													
									3495.15	3506.11													
									3495.53	3506.29													
									3500.83	3507.97													
									3501.46	3508.97													
									3504.31	3509.85													
									3504.51	3511.04													
									3505.72	3513.62													
									3506.43	3514.84													
									3506.52	3518.98													
									3506.69	3522.97													
									3507.67	3525.41													
									3508.76	3525.45													
									3509.06	3525.84													
									3512.54	3530.22													
									3513.37	3534.51													
									3513.88	3536.63													
									3515.03	3538.64													
									3519.48	3540.59													
									3522.11	3541.48													
									3525.70	3543.67													
									3526.69	3544.27													
									3529.60	3544.67													
									3533.28	3548.10													
									3536.08	3556.69													
									3536.22	3561.64													
									3536.66	3563.07													
									3539.85	3563.24													
									3540.00	3566.48													
									3541.85	3568.61													
									3541.87	3569.02													
									3542.84	3569.14													
									3542.94	3569.18													
									3550.70	3569.47													
									3552.33	3571.73													
									3561.91	3572.14													
									3563.66	3573.70													
									3565.62	3575.84													
									3565.93	3576.88													
									3566.33	3579.19													
									3571.33	3587.81													
									3571.69	3588.55													
									3572.85	3592.27													
									3573.45	3593.98													
									3574.14	3595.22													
									3575.42	3599.72													
									3576.20	3600.03													
									3582.42	3608.15													
									3583.44	3608.18													
									3585.62	3613.99													
									3586.53	3617.74													
									3587.31	3622.85													
									3589.05	3627.21													
									3591.97	3633.84													
									3592.32	3634.04													
									3594.06	3635.11													
									3596.82	3637.66													
									3599.20	3637.81													
									3607.25	3642.42													
									3611.69	3649.75													
									3613.95	3660.17													
									3618.27	3661.87													
									3622.98	3662.65													
									3624.27	3666.22													
									3631.56	3671.38													
									3635.34	3674.89													
									3636.32	3675.51													
									3636.59	3677.71													
									3641.22	3679.00													
									3658.86	3684.74													
									3661.08	3687.13													
									3664.53	3689.18													
									3669.90	3690.83													
									3671.06	3691.46													
									3671.68	3693.42													
									3674.85	3698.01													
									3677.90														
									3679.07														
									3686.33														
									3686.86														
									3686.88														
									3688.73														
									3691.55														
									3694.10														
									3697.97														