T	33_TPD_HH	33_rate_HH	33_TPD_full	33_pre_full	33_rate_full	33_TPD_Tait	33_pre_Tait	33_rate_Tait
1.0	0.0	0.0	0.0	163591762.76432127	0.0	0.0	163591762.76432124	0.0
2.0	0.0	0.0	0.0	1850829504.5705862	0.0	0.0	1850829516.7506	0.0
3.0	0.0	0.0	0.0	7650402553.253985	0.0	0.0	7650429609.804089	0.0
4.0	4.008466120985924e-306	1.6033864483943696e-307	4.935996765472088e-308	20938004142.28537	1.974398706188835e-309	4.936407310650524e-308	20939745633.83312	1.97456292426021e-309
5.0	1.154094556894285e-242	4.61637822757714e-244	3.101809311765447e-244	45699593284.304184	1.2407237247061787e-245	3.103553296033511e-244	45725287762.50517	1.2414213184134045e-245
6.0	2.3510067115027834e-200	9.404026846011133e-202	1.1943210544774906e-201	86378538543.27122	4.777284217909962e-203	1.1967571892385664e-201	86554730497.3252	4.7870287569542655e-203
7.0	3.94558856777208e-170	1.5782354271088318e-171	3.427143840803159e-171	147692747051.63763	1.3708575363212636e-172	3.444908859347382e-171	148458330438.88312	1.3779635437389528e-172
8.0	1.8605400450477936e-147	7.442160180191175e-149	2.5652131882429843e-148	234435336939.1349	1.0260852752971938e-149	2.5922493617470525e-148	236906178144.0768	1.036899744698821e-149
9.0	8.12270089422838e-130	3.249080357691352e-131	1.6781390329444787e-130	351290261206.20905	6.712556131777915e-132	1.7091179846083085e-130	357775185165.5705	6.836471938433234e-132
10.0	1.0633533608771264e-115	4.2534134435085055e-117	3.143654026364359e-116	502684817063.3048	1.2574616105457436e-117	3.2351945915445444e-116	517322576777.17847	1.2940778366178177e-117
11.0	3.8148351572045285e-104	1.5259340628818114e-105	1.5540821534697717e-104	692686668237.896	6.216328613879086e-106	1.6202162151182934e-104	722163992019.0582	6.480864860473174e-106
12.0	1.638857705019193e-94	6.5554308200767725e-96	8.914920703593048e-95	924942786183.1106	3.565968281437219e-96	9.438400639852299e-95	979254990054.9233	3.77536025594092e-96
13.0	2.339759033186567e-86	9.359036132746269e-88	1.654903593178891e-86	1202652611242.4436	6.619614372715564e-88	1.7831819751607267e-86	1295875160091.9907	7.132727900642907e-88
14.0	2.3012501376233085e-79	9.205000550493234e-81	2.0687570645915112e-79	1528566364981.0647	8.275028258366044e-81	2.2731848459124092e-79	1679614274831.4805	9.092739383649637e-81
15.0	2.661202112128372e-73	1.0644808448513488e-74	2.981496126004609e-73	1905000185161.57	1.1925984504018437e-74	3.3467252934413505e-73	2138360083074.8914	1.3386901173765402e-74
16.0	5.402999514434048e-68	2.1611998057736191e-69	7.416027880827253e-68	2333861380974.7876	2.966411152330901e-69	8.516823901406628e-68	2680287441130.639	3.4067295605626515e-69
17.0	2.616966504587635e-63	1.046786601835054e-64	4.335077529007745e-63	2816678878637.249	1.734031011603098e-64	5.100258503891053e-63	3313848554581.243	2.0401034015564212e-64
18.0	3.838430575445779e-59	1.5353722301783117e-60	7.572868132730595e-59	3354635485946.5464	3.029147253092238e-60	9.13756033777401e-59	4047764153133.563	3.655024135109604e-60
19.0	2.0582379584795504e-55	8.232951833918201e-57	4.7796937748432724e-55	3948599827023.1807	1.911877509937309e-56	5.920467295775917e-55	4891015458571.661	2.368186918310367e-56
20.0	4.691091683129147e-52	1.876436673251659e-53	1.268859379552679e-51	4599156688228.503	5.075437518210716e-53	1.614736660812942e-51	5852836833600.662	6.458946643251768e-53
21.0	5.134349902508028e-49	2.0537399610032113e-50	1.6023819988491057e-48	5306635127559.064	6.409527995396423e-50	2.0964079289731962e-48	6942709020428.858	8.385631715892785e-50
22.0	2.9819670890949426e-46	1.192786835637977e-47	1.0647166346271543e-45	6071134098770.779	4.258866538508617e-47	1.4328641890737995e-45	8170352894166.781	5.731456756295198e-47
23.0	9.980805194070489e-44	3.992322077628196e-45	4.045820345490795e-43	6892545587894.623	1.6183281381963181e-44	5.603195878682241e-43	9545723668813.975	2.2412783514728967e-44
24.0	2.0622829510257873e-41	8.24913180410315e-43	9.424597205328275e-41	7770575401337.995	3.76983888213131e-42	1.3437249999479995e-40	11079005503657.625	5.374899999791998e-42
25.0	2.7870991766753382e-39	1.1148396706701353e-40	1.4268249106021355e-38	8704761816785.685	5.707299642408543e-40	2.0949094371627342e-38	12780606465962.598	8.379637748650937e-40
26.0	2.5871614812538763e-37	1.0348645925015506e-38	1.4750609843263079e-36	9694492335700.385	5.900243937305232e-38	2.2307610574072258e-36	14661153812355.996	8.923044229628904e-38
27.0	1.7197454253602076e-35	6.87898170144083e-37	1.0861508146863986e-34	10739018776599.92	4.344603258745594e-36	1.6922329116754657e-34	16731489556641.545	6.768931646701863e-36
28.0	8.48387961517391e-34	3.393551846069564e-35	5.906290319891251e-33	11837470933014.123	2.3625161279565006e-34	9.48135498134281e-33	19002666296177.04	3.792541992537124e-34
29.0	3.203295326030567e-32	1.2813181304122269e-33	2.44697585661562e-31	12988868996682.996	9.78790342646248e-33	4.047741528388618e-31	21485943272603.34	1.6190966113554476e-32
30.0	9.507625568670121e-31	3.803050227468048e-32	7.93562558256626e-30	14192134920015.965	3.1742502330265043e-31	1.3527553532943336e-29	24192782645774.156	5.411021413177334e-31
31.0	2.270519468314973e-29	9.082077873259892e-31	2.062554915709188e-28	15446102865110.568	8.250219662836753e-30	3.623380629751309e-28	27134845962316.652	1.4493522519005237e-29
32.0	4.452461424629382e-28	1.7809845698517526e-29	4.385954567866799e-27	16749528861516.092	1.7543818271467197e-28	7.94050071948603e-27	30323990802441.832	3.176200287794412e-28
33.0	7.299106620838909e-27	2.9196426483355635e-28	7.770268705349359e-26	18101099772391.188	3.1081074821397436e-27	1.449743923114222e-25	33772267590491.887	5.7989756924568874e-27
34.0	1.0162324517928505e-25	4.064929807171402e-27	1.1654042643044382e-24	19499441649167.832	4.661617057217753e-26	2.240743105253959e-24	37491916556314.18	8.962972421015837e-26
35.0	1.2185577702756801e-24	4.8742310811027204e-26	1.5008905685014752e-23	20943127538385.234	6.003562274005901e-25	2.973767963005131e-23	41495364835933.62	1.1895071852020526e-24
36.0	1.2741781180174218e-23	5.096712472069687e-25	1.6808696773147956e-22	22430684790859.11	6.723478709259183e-24	3.431718808538211e-22	45795223701193.02	1.3726875234152844e-23
37.0	1.174796787769985e-22	4.69918715107994e-24	1.655472008132891e-21	23960601912543.848	6.621888032531565e-23	3.482503683211405e-21	50404285909072.23	1.393001473284562e-22
38.0	9.64616462236865e-22	3.85846584894746e-23	1.448403484461186e-20	25531334988016.65	5.793613937844744e-22	3.139207746104457e-20	55335523162308.02	1.2556830984417829e-21
39.0	7.11663394993666e-21	2.8466535799746643e-22	1.1359699955170096e-19	27141313701105.9	4.543879982068039e-21	2.536433920527965e-19	60602083673736.08	1.0145735682111861e-20
40.0	4.755591665571116e-20	1.9022366662284466e-21	8.051776377944914e-19	28788946972474.133	3.220710551177966e-20	1.851984411080409e-18	66217289827478.84	7.407937644321635e-20
41.0	2.899257043301529e-19	1.1597028173206116e-20	5.195866713487132e-18	30472628230623.992	2.0783466853948529e-19	1.2309857321325622e-17	72194635930725.86	4.923942928530249e-19
42.0	1.6231704403608232e-18	6.492681761443293e-20	3.0729568191882604e-17	32190740330539.87	1.2291827276753041e-18	7.498241801749881e-17	78547786050404.12	2.9992967206999526e-18
43.0	8.394895548530533e-18	3.357958219412213e-19	1.6757519947546117e-16	33941660132757.73	6.7030079790184466e-18	4.210926792785965e-16	85290571929525.92	1.684370717114386e-17
44.0	4.032592392398405e-17	1.613036956959362e-18	8.472330533416107e-16	35723762754854.58	3.3889322133664434e-17	2.1922571439575372e-15	92436990978439.45	8.769028575830154e-17
45.0	1.8080353177245696e-16	7.232141270898279e-18	3.991256334159935e-15	37535425506993.59	1.596502533663976e-16	1.0633433212518268e-14	100001204336598.73	4.253373285007319e-16
46.0	7.600339578974065e-16	3.0401358315896266e-17	1.7600105817344327e-14	39375031523100.91	7.040042326937766e-16	4.827343548694344e-14	107997535000820.7	1.9309374194777637e-15
47.0	3.0077833683625917e-15	1.203113347345038e-16	7.295193661522816e-14	41240973099376.29	2.918077464609193e-15	2.0597374062441086e-13	116440466016311.27	8.238949624976944e-15
48.0	1.1248195440347502e-14	4.499278176139018e-16	2.8532533881752655e-13	43131654752058.06	1.1413013552702154e-14	8.291822263563324e-13	125344638727030.19	3.316728905426218e-14
49.0	3.9888128068609994e-14	1.595525122744424e-15	1.056711409603913e-12	45045496006613.74	4.2268456384172635e-14	3.1604777373250095e-12	134724851082217.4	1.2641910949313905e-13
50.0	1.3455832067048114e-13	5.382332826819543e-15	3.717864622531543e-12	46980933930750.99	1.4871458490147554e-13	1.1442696348619229e-11	144596055996140.7	4.577078539467179e-13
51.0	4.330686918242121e-13	1.732274767297177e-14	1.2463797912913428e-11	48936425423830.93	4.985519165191074e-13	3.947073414463342e-11	154973359758331.8	1.5788293658101247e-12
52.0	1.3333913184762329e-12	5.333565273908253e-14	3.99232529567043e-11	50910449275361.45	1.596930118296309e-12	1.3007448817563154e-10	165872020491774.8	5.202979527312315e-12
53.0	3.9373102763549886e-12	1.574924110545076e-13	1.2249801750552065e-10	52901508005280.55	4.899920700502781e-12	4.105707288999702e-10	177307446656681.3	1.642282915904106e-11
54.0	1.1176065353735812e-11	4.47042614152067e-13	3.609000561388853e-10	54908129498675.37	1.4436002248154481e-11	1.2441991252180047e-09	189295195597650.1	4.976796503837274e-11
55.0	3.056035756059673e-11	1.2224143024447352e-12	1.0231807253223763e-09	56928868447432.57	4.092722903503426e-11	3.627861038474939e-09	201850972132153.7	1.4511444180601035e-10
56.0	8.066301321676153e-11	3.2265205288241393e-12	2.797114731501974e-09	58962307611105.34	1.1188458943508007e-10	1.0198946961750775e-08	214990627178429.5	4.079578807006942e-10
57.0	2.0589343108791557e-10	8.235737244573209e-12	7.387269538447544e-09	61007058908971.67	2.954907828266069e-10	2.7696652291847652e-08	228730156420974.47	1.1078661090306484e-09
58.0	5.091111087417086e-10	2.036444435647386e-11	1.8881654801070927e-08	63061764354921.64	7.552662009160864e-10	7.278356636011708e-08	243085699011956.94	2.9113427806506243e-09
59.0	1.2214729577033236e-09	4.885891834933554e-11	4.6783595227292626e-08	65125096846392.0	1.8713438664112686e-09	1.8539099999253975e-07	258073536306962.22	7.415640861006338e-09
60.0	2.8477962933292595e-09	1.1391185196837219e-10	1.1254135271570029e-07	67195760818133.41	4.501654457117991e-09	4.5841726580569316e-07	273710090633586.1	1.833669616143918e-08
61.0	6.460967818392804e-09	2.584387140053096e-10	2.632204826934375e-07	69272492771113.79	1.0528821307740896e-08	1.1019819278956935e-06	290011924091475.56	4.40793106141338e-08
62.0	1.428302922118388e-08	5.713211753452962e-10	5.99377174380397e-07	71354061686364.05	2.3975097840145023e-08	2.578773710274554e-06	306995737382504.1	1.031511404719315e-07
63.0	3.080430826755801e-08	1.232172362315629e-09	1.3304566539380536e-06	73439269333066.12	5.3218322172614334e-08	5.881989789979202e-06	324678368669837.44	2.3528063641246553e-07
64.0	6.488912498866172e-08	2.5955651460943402e-09	2.8822671027437388e-06	75526950479665.1	1.152909588491905e-07	1.3092427209905524e-05	343076792464721.8	5.237024944203454e-07
65.0	1.3365088050963301e-07	5.346035869126756e-09	6.100733644642984e-06	77615973016273.56	2.440306306744698e-07	2.8469592825926405e-05	362208118539889.4	1.138810378427773e-06
66.0	2.694342711345751e-07	1.0777373593622726e-08	1.26297932389011e-05	79705237996126.9	5.05197471635643e-07	6.054203109924149e-05	382089590868535.75	2.4218068987443637e-06
67.0	5.321453265950014e-07	2.1285824226834444e-08	2.559771341450507e-05	81793679603349.62	1.0239331066777315e-06	0.00012602777252930617	402738586587884.4	5.041677720622356e-06
68.0	1.0306114057738477e-06	4.122449978795547e-08	5.0838769042671847e-05	83880265053812.17	2.03365161764258e-06	0.0002570371077728213	424172614986399.1	1.0283936562114735e-05
69.0	1.9589127744812256e-06	7.83566745246639e-08	9.902625167647581e-05	85963994435389.89	3.961447924329401e-06	0.00051403818278932	446409316513762.06	2.0571720426903734e-05
70.0	3.6571080909742167e-06	1.4628491552304636e-07	0.00018932744039966944	88043900493486.1	7.5746084363079185e-06	0.0010087111910707103	469466461812775.56	4.0389221766404715e-05
71.0	6.7110493838429594e-06	2.684440432352939e-07	0.00035555178590308107	90119048367264.64	1.4227602928641586e-05	0.0019433158989649129	493361950772388.8	7.78898364204134e-05
72.0	1.2113843798428926e-05	4.845607365226313e-07	0.0006563010964702106	92188535281620.36	2.6271598801913202e-05	0.0036766379661437336	518113811601096.06	0.00014765044428282397
73.0	2.1523058610854265e-05	8.609451836792019e-07	0.0011913966828857657	94251490199548.31	4.772270959701161e-05	0.006830277683172874	543740199919981.0	0.00027531400938132485
74.0	3.7664444305488164e-05	1.5066501685146771e-06	0.0021278686614764793	96307073439204.05	8.53359402492976e-05	0.012449639448344213	570259397874728.2	0.0005052964456900273
75.0	6.495668359430781e-05	2.5984900749311624e-06	0.003739916342831899	98354476259617.14	0.00015030608403128343	0.02222018558101792	597689813265944.5	0.0009133942725724079
76.0	0.00011046489383801992	4.419261613799036e-06	0.006467917828324691	100392920418702.19	0.00026092408406066343	0.03867919698762295	626049978697172.6	0.0016271218785794668
77.0	0.00018533625141131083	7.4153864896154895e-06	0.011000060112205754	102421657706923.84	0.0004466701800767006	0.06517722661912526	655358550740005.1	0.002858078344245103
78.0	0.0003069323954694064	1.228277975367725e-05	0.01837197841137924	104439969459692.72	0.0007544401075346204	0.10487614114231278	685634309115733.6	0.004952797521626364
79.0	0.0005019530392991649	2.0093259951221006e-05	0.030054365956984512	106447166051326.47	0.0012578992964751633	0.1571764639790376	716896155892991.9	0.008471650336926052
80.0	0.000810944181389632	3.247853947828379e-05	0.047933881336576445	108442586373166.86	0.0020713702099631514	0.20926422271184406	749163114700884.8	0.014309822460842721
81.0	0.0012946971045670686	5.189511521773688e-05	0.07395195133414109	110425597298236.83	0.003370214984985028	0.2242924731637452	782454329957103.0	0.02388068864835521
82.0	0.0020431510668311647	8.200165023266878e-05	0.10891799917467833	112395593134612.42	0.005420423801052235	0.1490898993264922	816789066110563.5	0.039390716049538047
83.0	0.0031874613863698735	0.00012819122019447454	0.14975781027799592	114351995069511.16	0.008621114142526129	0.0	852186706898116.5	0.06424722949911124
84.0	0.004915767721270257	0.00019833472396656252	0.18485107582642654	116294250605919.92	0.0135649553395762	0.0	888666754614893.9	0.10365710063317193
85.0	0.007492647697717684	0.0003038095794470728	0.19023227042686655	118221832993431.17	0.021123239339125285	0.0	926248829397885.1	0.16549714393316228
86.0	0.011280782561162106	0.0004609104344903794	0.1383999282477573	120134240654823.3	0.032564522581944116	0.0	964952668522348.9	0.2615675830081642
87.0	0.016760099529260983	0.0006927670635325465	0.0	122030996609768.17	0.04971858470736268	0.0	1004798125710676.5	0.4093807484560576
88.0	0.024533082920953467	0.001031930108542344	0.0	123911647896949.34	0.07520102920270894	0.0	1045805170453348.0	0.6346911408119724
89.0	0.03529287639594399	0.0015238292591474372	0.0	125775764995750.69	0.11271835534056082	0.0	1087993887341631.9	0.9750438139324809
90.0	0.04971102521708205	0.0022313624535865756	0.0	127622941248569.22	0.1674789533353353	0.0	1131384475411689.0	1.4847102402439056
91.0	0.06817497526116598	0.0032409405376015543	0.0	129452792284727.47	0.24674243895176487	0.0	1175997247499771.2	2.2414999624761993
92.0	0.09028417232361698	0.004670391589495024	0.0	131264955446852.05	0.36054830544925265	0.0	1221852629608188.8	3.3560891680058127
93.0	0.1140415831381521	0.006679225093680239	0.0	133059089220527.58	0.5226753199807102	0.0	1268971160281766.2	4.984701993167118
94.0	0.13486097507980302	0.00948187085917751	0.0	134834872667941.53	0.7518957552840304	0.0	1317373489994487.5	7.346226652284094
95.0	0.1450265659851124	0.013364643827269363	0.0	136592004866184.27	1.0736037910483844	0.0	1367080380546067.2	10.745158039520666
96.0	0.13517640365698336	0.018707346748076514	0.0	138330204350790.75	1.5219156478733897	0.0	1418112704468176.0	15.602145066634044
97.0	0.10004814567520313	0.02601061144466665	0.0	140049208565066.19	2.142360676199786	0.0	1470491444440062.8	22.4944009147541
98.0	0.04833459258607016	0.035930299599600715	0.0	141748773315677.88	2.995308200091419	0.0	1524237692713339.8	32.20882659566357
99.0	0.0	0.04932053951879891	0.0	143428672234942.56	4.160304939416135	0.0	1579372650545680.0	45.811424848728244
100.0	0.0	0.06728727021919555	0.0	145088696250204.88	5.741532872133583	0.0	1635917627643212.5	64.73746803140791
101.0	0.0	0.09125450274475068	0.0	146728653060642.44	7.874638058056321	0.0	1693894041611379.8	90.90795974849526
102.0	0.0	0.1230458953431499	0.0	148348366621815.22	10.735227870054157	0.0	1753323417414060.5	126.87922923901019
103.0	0.0	0.1649846787212144	0.0	149947676638228.03	14.54938794508318	0.0	1814227386840746.8	176.0340584364285
104.0	0.0	0.22001546488681062	0.0	151526438064130.47	19.606631682122867	0.0	1876627687981567.5	242.82460772394012
105.0	0.0	0.29185203305178503	0.0	153084520612778.7	26.27576500863086	0.0	1940546164709988.2	333.0796269160032
106.0	0.0	0.3851558137782805	0.0	154621808274326.5	35.024228162647475	0.0	2006004766172982.8	454.39106818068853
107.0	0.0	0.5057504931168664	0.0	156138198842490.34	46.441565158959705	0.0	2073025546288511.8	616.5983192957551
108.0	0.0	0.6608789370369458	0.0	157633603450128.34	61.26777119623405	0.0	2141630663250117.8	832.3919176558059
109.0	0.0	0.8595094980812301	0.0	159107946113821.75	80.42737928839874	0.0	2211842379038501.8	1118.062864175394
110.0	0.0	1.1126997158991927	0.0	160561163287542.75	105.07027062967056	0.0	2283683058939883.5	1494.4286160003423
111.0	0.0	1.4340264660095987	0.0	161993203425476.44	136.62032937271618	0.0	2357175171071011.0	1987.9725905232865
112.0	0.0	1.8400927515101926	0.0	163404026554027.28	176.83321233140356	0.0	2432341285910661.0	2632.2406622682965
113.0	0.0	2.351122574957524	0.0	164793603853045.06	227.8646682951544	0.0	2509204075837494.0	3469.545789746954
114.0	0.0	2.991656676464945	0.0	166161917246268.56	292.3510207976052	0.0	2587786314674092.5	4553.040692108607
115.0	0.0	3.7913633830521056	0.0	167508959000992.6	373.50362289898857	0.0	2668110877237093.0	5949.228536118761
116.0	0.0	4.7859803868830255	0.0	168834731336929.7	475.21930333574863	0.0	2750200738893227.5	7740.993033963672
117.0	0.0	6.0184049592665305	0.0	170139246044233.94	602.2090507038517	0.0	2834078975121184.5	10031.242343602205
118.0	0.0	7.539951915695209	0.0	171422524110651.84	760.1474265319399	0.0	2919768761079132.5	12947.27586889348
119.0	0.0	9.411800576767408	0.0	172684595357728.53	955.8454594316847	0.0	3007293371177818.0	16645.999650777027
120.0	0.0	11.706654021997718	0.0	173925498086025.78	1197.4500511492724	0.0	3096676178659092.0	21320.134709023412
121.0	0.0	14.510636109092825	0.0	175145278729253.97	1494.673221338095	0.0	3187940655179761.0	27205.583633675982
122.0	0.0	17.925454030416507	0.0	176343991517256.1	1859.0548311667976	0.0	3281110370400650.5	34590.14414499016
123.0	0.0	22.070856600584097	0.0	177521698147735.88	2304.262756283772	0.0	3376208991580779.5	43823.78446073469
124.0	0.0	27.087421013202803	0.0	178678467466649.4	2846.4348268672475	0.0	3473260283176531.5	55330.72436192565
125.0	0.0	33.139703468770875	0.0	179814375157140.78	3504.567216052689	0.0	3572288106445714.5	69623.59807553698
126.0	0.0	40.41979185698217	0.0	180929503436922.25	4300.954337365054	0.0	3673316419056447.5	87320.01074972852
127.0	0.0	49.15130157175237	0.0	182023940763978.47	5261.685706174565	0.0	3776369274700714.0	109161.83964885202
128.0	0.0	59.59385854196312	0.0	183097781550483.1	6417.205628777988	0.0	3881470822712554.5	136037.67451754148
129.0	0.0	72.04811667031746	0.0	184151125884791.47	7802.94200448743	0.0	3988645307690765.0	169008.83914146264
130.0	0.0	86.86136008107599	0.0	185184079261394.53	9460.010959944595	0.0	4097917069126025.5	209339.48826214176
131.0	0.0	104.43374387842658	0.0	186196752318696.38	11436.004479500294	0.0	4209310541032378.5	258531.33098938855
132.0	0.0	125.2252305036234	0.0	187189260584483.8	13785.868649496444	0.0	4322850251582961.5	318363.59401007835
133.0	0.0	149.7632822429763	0.0	188161724228953.34	16572.880596127037	0.0	4438560822749931.0	390938.90553731966
134.0	0.0	178.6513739718143	0.0	189114267825152.97	19869.73266458605	0.0	4556466969948457.0	478735.85440733546
135.0	0.0	212.57839381237085	0.0	190047020116710.3	23759.7328596484	0.0	4676593501684788.0	584669.0583465152
136.0	0.0	252.32900302657245	0.0	190960113792690.38	28338.131042813788	0.0	4798965319208215.0	712157.6615380436
137.0	0.0	298.7950301473569	0.0	191853685269457.6	33713.58085667536	0.0	4923607416166934.0	865203.2745596458
138.0	0.0	352.9879780638064	0.0	192727874479386.44	40009.747821209545	0.0	5050544878267731.0	1048478.4698894515
139.0	0.0	416.0527265044867	0.0	193582824666283.88	47367.07451706073	0.0	5179802882939328.0	1267427.0538351426
140.0	0.0	489.2825160982118	0.0	194418682187384.78	55944.71423540437	0.0	5311406698999503.0	1528377.4512839508
141.0	0.0	574.1353039199713	0.0	195235596321761.8	65922.64493035403	0.0	5445381686325706.0	1838670.6634495484
142.0	0.0	672.2515841393606	0.0	196033719085030.38	77503.97575582942	0.0	5581753295529275.0	2206804.391157199
143.0	0.0	785.4737710669617	0.0	196813205050181.44	90917.45890196218	0.0	5720547067633102.0	2642595.0575098027
144.0	0.0	915.8672455272259	0.0	197574211174415.12	106420.21986410637	0.0	5861788633752707.0	3157359.614358736
145.0	0.0	1065.7431690627948	0.0	198316896631834.44	124300.71967810256	0.0	6005503714780672.0	3764119.1772104767
146.0	0.0	1237.6831739798304	0.0	199041422651853.97	144881.96303606243	0.0	6151718121074363.0	4477826.703362691
147.0	0.0	1434.566040665223	0.0	199747952363182.47	168524.9665554539	0.0	6300457752146890.0	5315621.1085161185
148.0	0.0	1659.596476930157	0.0	200436650643252.28	195632.50180824994	0.0	6451748596361245.0	6297110.40816829
149.0	0.0	1916.3361173488295	0.0	201107683972947.44	226653.1280242506	0.0	6605616730627583.0	7444686.67207894
150.0	0.0	2208.7368636508377	0.0	201761220296503.53	262085.52966098202	0.0	6762088320103532.0	8783875.79329776
151.0	0.0	2541.1766901814162	0.0	202397428886447.28	302483.1742800529	0.0	6921189617897584.0	10343725.297964955
152.0	0.0	2918.4980412491304	0.0	203016480213432.38	348459.3063840334	0.0	7082946964775427.0	12157233.658596547
153.0	0.0	3346.048949827651	0.0	203618545820863.84	400692.2930474403	0.0	7247386788869180.0	14261824.822128557
154.0	0.0	3829.7270095509293	0.0	204203798204158.7	459931.33731777675	0.0	7414535605389532.0	16699871.924848601
155.0	0.0	4376.026334232964	0.0	204772410694538.8	527002.5754669026	0.0	7584420016340718.0	19519274.439742114
156.0	0.0	4992.08764123698	0.0	205324557347211.53	602815.5742366594	0.0	7757066710238218.0	22774093.287910506
157.0	0.0	5685.7515969120695	0.0	205860412833841.9	688370.2442455161	0.0	7932502461829285.0	26525248.744813155
158.0	0.0	6465.615563990568	0.0	206380152339171.97	784764.1857024091	0.0	8110754131816047.0	30841286.284286536
159.0	0.0	7341.093892292279	0.0	206883951461681.6	893200.4825097625	0.0	8291848666581380.0	35799215.82878403
160.0	0.0	8322.481895301455	0.0	207371986118180.06	1014995.9607283957	0.0	8475813097917292.0	41485430.21318285
161.0	0.0	9421.02365616243	0.0	207844432452202.66	1151589.9272219571	0.0	8662674542755932.0	47996709.021945626
162.0	0.0	10648.983807371667	0.0	208301466746114.78	1304553.4040971354	0.0	8852460202903101.0	55441314.32548859
163.0	0.0	12019.723428920252	0.0	208743265336805.75	1475598.8743072113	0.0	9045197364774244.0	63940185.22136274
164.0	0.0	13547.780209859033	0.0	209170004534867.8	1666590.553490916	0.0	9240913399132910.0	73628238.4793623
165.0	0.0	15248.953018210339	0.0	209581860547159.56	1879555.2027754013	0.0	9439635760831612.0	84655782.99694243
166.0	0.0	17140.391023830078	0.0	209979009402648.8	2116693.4968811753	0.0	9641391988555060.0	97190056.19234681
167.0	0.0	19240.68751823645	0.0	210361626881436.5	2380391.961429506	0.0	9846209704565728.0	111416890.89763233
168.0	0.0	21569.978574546978	0.0	210729888446859.7	2673235.492867112	0.0	1.0054116614451728e+16	127542521.7621891
169.0	0.0	24150.046689526473	0.0	211083969180589.56	2998020.473892835	0.0	1.0265140506876978e+16	145795540.6394443
170.0	0.0	27004.429548317745	0.0	211424043720620.56	3357768.496693372	0.0	1.0479309253333534e+16	166429010.9049637
171.0	0.0	30158.534050719485	0.0	211750286202059.72	3755740.7056733435	0.0	1.069665080789622e+16	189722751.14308068
172.0	0.0	33639.75573589269	0.0	212062870200635.97	4195452.770700051	0.0	1.0917193206979318e+16	215985799.14133313
173.0	0.0	37477.60374011046	0.0	212361968678838.8	4680690.501174831	0.0	1.1140964569095516e+16	245559067.64715844
174.0	0.0	41703.831419619055	0.0	212647753934597.94	5215526.110492801	0.0	1.1367993094616838e+16	278818203.86925536
175.0	0.0	46352.57276786462	0.0	212920397552425.44	5804335.139664078	0.0	1.1598307065537744e+16	316176665.24664074
176.0	0.0	51460.484753245146	0.0	213180070356944.7	6451814.048041188	0.0	1.183193484524025e+16	358089024.56130683
177.0	0.0	57066.895700197594	0.0	213426942368711.94	7162998.478233504	0.0	1.2068904878261008e+16	405054518.0354038
178.0	0.0	63213.95983279006	0.0	213661182762277.16	7943282.2013890045	0.0	1.2309245690060484e+16	457620850.63045204
179.0	0.0	69946.81809613932	0.0	213882959826392.94	8798436.74809444	0.0	1.2552985886793974e+16	516388273.35439724
180.0	0.0	77313.76536680115	0.0	214092440926301.38	9734631.729177404	0.0	1.2800154155084638e+16	582013947.9812019
181.0	0.0	85366.42415894837	0.0	214289792468038.78	10758455.849708587	0.0	1.305077926179843e+16	655216615.1978161
182.0	0.0	94159.92492848463	0.0	214475179864676.9	11876938.618477408	0.0	1.330489005382085e+16	736781582.8130993
183.0	0.0	103753.09307243883	0.0	214648767504442.72	13097572.754178897	0.0	1.3562515457835596e+16	827566051.2935439
184.0	0.0	114208.64271587374	0.0	214810718720647.5	14428337.28848041	0.0	1.382368448010505e+16	928504794.5296798
185.0	0.0	125593.37737327516	0.0	214961195763367.22	15877721.365056831	0.0	1.4088426206252536e+16	1040616214.3854389
186.0	0.0	137978.3975659037	0.0	215100359772808.94	17454748.732583698	0.0	1.435676980104637e+16	1165008788.2395437
187.0	0.0	151439.31547084256	0.0	215228370754300.25	19169002.92855591	0.0	1.4628744508185662e+16	1302887929.3921077
188.0	0.0	166056.47667169373	0.0	215345387554857.53	21030653.149687294	0.0	1.4904379650087842e+16	1455563280.8824682
189.0	0.0	181915.18907471144	0.0	215451567841262.0	23050480.803495172	0.0	1.5183704627677914e+16	1624456463.9422517
190.0	0.0	199105.95904803975	0.0	215547068079596.5	25239906.73454629	0.0	1.5466748920179364e+16	1811109302.993691
191.0	0.0	217724.7348352438	0.0	215632043516189.06	27611019.117681313	0.0	1.5753542084906724e+16	2017192549.793279
192.0	0.0	237873.1572879031	0.0	215706648159909.5	30176602.009400316	0.0	1.6044113757059864e+16	2244515130.0177855
193.0	0.0	259658.8179553	0.0	215771034765781.12	32950164.54743717	0.0	1.6338493649519748e+16	2495033936.2895346
194.0	0.0	283195.5245625077	0.0	215825354819831.97	35945970.78740922	0.0	1.6636711552645916e+16	2770864192.342854
195.0	0.0	308603.5739012366	0.0	215869758525178.56	39179070.16429434	0.0	1.6938797334075508e+16	3074290413.740839
196.0	0.0	336010.0321509204	0.0	215904394789251.25	42665328.56536144	0.0	1.7244780938523828e+16	3407777991.263152
197.0	0.0	365549.02264028415	0.0	215929411212161.5	46421460.00005702	0.0	1.7554692387586424e+16	3773985423.7964563
198.0	0.0	397362.0210526685	0.0	215944954076128.9	50465058.851256825	0.0	1.7868561779542754e+16	4175777228.2747855
199.0	0.0	431598.1580710039	0.0	215951168335961.4	54814632.6911969	0.0	1.818641928916126e+16	4616237554.929989
200.0	0.0	468414.5294512025	0.0	215948197610516.7	59489635.6443342	0.0	1.850829516750601e+16	5098684536.828486
201.0	0.0	507976.51350530924	0.0	215936184175133.4	64510502.27833553	0.0	1.8834219741744716e+16	5626685403.383224
202.0	0.0	550458.0959685509	0.0	215915268954972.84	69898682.00337404	0.0	1.916422341495831e+16	6204072388.243823
203.0	0.0	596042.2022169331	0.0	215885591519249.22	75676673.95890148	0.0	1.9498336665951756e+16	6834959462.677052
204.0	0.0	644921.0367947574	0.0	215847290076307.03	81868062.36609554	0.0	1.983659004906647e+16	7523759926.258644
205.0	0.0	697296.4302041308	0.0	215800501469510.44	88497552.32324225	0.0	2.0179014193993976e+16	8275204887.402624
206.0	0.0	753380.1929011053	0.0	215745361173912.53	95591006.0203853	0.0	2.0525639805591076e+16	9094362666.953905
207.0	0.0	813394.4764358279	0.0	215682003293676.62	103175479.34869806	0.0	2.0876497663696176e+16	9986659158.766157
208.0	0.0	877572.1416668306	0.0	215610560560210.22	111279258.87917987	0.0	2.1231618622947176e+16	10957899181.877865
209.0	0.0	946157.1339723596	0.0	215531164330986.53	119931899.18446675	0.0	2.159103361260055e+16	12014288859.583548
210.0	0.0	1019404.865374663	0.0	215443944589031.28	129164260.47679186	0.0	2.195477363635168e+16	13162459061.377148
211.0	0.0	1097582.6034855526	0.0	215349029943027.2	139008546.53431055	0.0	2.232286977215666e+16	14409489944.408585
212.0	0.0	1180969.867175346	0.0	215246547628030.9	149498342.88742557	0.0	2.269535317205521e+16	15762936631.766361
213.0	0.0	1269858.8288597628	0.0	215136623506759.75	160668655.2359872	0.0	2.3072255061994972e+16	17230856065.545506
214.0	0.0	1364554.7232926579	0.0	215019382071436.62	172555948.06765667	0.0	2.3453606741656864e+16	18821835073.305233
215.0	0.0	1465376.2627461264	0.0	214894946446153.66	185198183.44716954	0.0	2.383943958428193e+16	20545019687.16065
216.0	0.0	1572656.0584524253	0.0	214763438389741.94	198634859.94565418	0.0	2.4229785036499212e+16	22410145755.369007
217.0	0.0	1686741.0481760933	0.0	214624978299119.53	212907051.67870876	0.0	2.4624674618154908e+16	24427570886.88965
218.0	0.0	1807992.9297782604	0.0	214479685213098.28	228057447.42149094	0.0	2.5024139922142564e+16	26608307769.996376
219.0	0.0	1936788.6006285811	0.0	214327676816625.0	244130389.76862004	0.0	2.5428212614234776e+16	28964058906.604774
220.0	0.0	2073520.6027150126	0.0	214169069445437.22	261171914.30644166	0.0	2.583692443291567e+16	31507252804.563286
221.0	0.0	2218597.573294644	0.0	214003978091116.0	279229788.7647511	0.0	2.6250307189214788e+16	34251081670.70357
222.0	0.0	2372444.700924443	0.0	213832516406511.0	298353552.1149721	0.0	2.6668392766541944e+16	37209540648.01318
223.0	0.0	2535504.18670375	0.0	213654796711524.3	318594553.58138967	0.0	2.709121312052341e+16	40397468640.805336
224.0	0.0	2708235.710556406	0.0	213470929999236.97	340005991.53204113	0.0	2.7518800278838976e+16	43830590772.30001
225.0	0.0	2891116.902374137	0.0	213281025942347.88	362642952.21558154	0.0	2.7951186341060204e+16	47525562519.51761
226.0	0.0	3084643.8178383587	0.0	213085192899927.03	386562448.3104719	0.0	2.838840347848984e+16	51500015570.88159
227.0	0.0	3289331.418732646	0.0	212883537924452.16	411823457.2527403	0.0	2.8830483934002228e+16	55772605452.394745
228.0	0.0	3505714.0575532755	0.0	212676166769117.34	438486959.3085686	0.0	2.9277460021884732e+16	60363060968.70365
229.0	0.0	3734345.9662215556	0.0	212463183895402.8	466615975.35810685	0.0	2.9729364127680276e+16	65292235505.814644
230.0	0.0	3975801.748696035	0.0	212244692480887.75	496275604.3568222	0.0	3.0186228708030984e+16	70582160242.61862
231.0	0.0	4230676.877280554	0.0	212020794427289.53	527533060.4410608	0.0	3.0648086290522668e+16	76256099318.81355
232.0	0.0	4499588.192417915	0.0	211791590368718.75	560457709.6443988	0.0	3.111496947353049e+16	82338607007.15497
233.0	0.0	4783174.40575874	0.0	211557179680144.8	595121106.1920195	0.0	3.158691092606557e+16	88855586938.38634
234.0	0.0	5082096.60628697	0.0	211317660486037.25	631597028.3399491	0.0	3.206394338762256e+16	95834353427.45943
235.0	0.0	5397038.769285789	0.0	211073129669203.7	669961513.7271184	0.0	3.254609966802827e+16	103303694950.079
236.0	0.0	5728708.267919707	0.0	210823682879772.38	710292894.2077252	0.0	3.3033412647291164e+16	111293939818.8159
237.0	0.0	6077836.387209315	0.0	210569414544352.1	752671830.1324356	0.0	3.3525915275451976e+16	119837024108.38206
238.0	0.0	6445178.840171133	0.0	210310417875322.28	797181344.0469475	0.0	3.4023640572435004e+16	128966561879.8934
239.0	0.0	6831516.285892806	0.0	210046784880260.9	843906853.7770716	0.0	3.4526621627900736e+16	138717917754.19492
240.0	0.0	7237654.849312296	0.0	209778606371499.1	892936204.8699876	0.0	3.503489160109902e+16	149128281884.549
241.0	0.0	7664426.642467429	0.0	209505971975785.8	944359702.361772	0.0	3.5548483720723416e+16	160236747379.18527
242.0	0.0	8112690.286979412	0.0	209228970144063.56	998270141.8417872	0.0	3.606743128476631e+16	172084390224.36276
243.0	0.0	8583331.437536797	0.0	208947688161333.8	1054762839.7855507	0.0	3.659176766037505e+16	184714351758.84595
244.0	0.0	9077263.30613803	0.0	208662212156618.22	1113935663.1275544	0.0	3.712152628370887e+16	198171923750.68298
245.0	0.0	9595427.186856074	0.0	208372627112991.12	1175889058.0468004	0.0	3.765674065979678e+16	212504636127.4216
246.0	0.0	10138792.9808857	0.0	208079016877690.03	1240726077.9383798	0.0	3.819744436239623e+16	227762347410.94992
247.0	0.0	10708359.721631244	0.0	207781464172287.8	1308552410.5447426	0.0	3.874367103385281e+16	243997337908.1728
248.0	0.0	11305156.099595388	0.0	207480050602922.16	1379476404.221468	0.0	3.929545438496053e+16	261264405708.8475
249.0	0.0	11930240.986828474	0.0	207174856670574.25	1453609093.3129745	0.0	3.985282819482335e+16	279620965541.9203
250.0	0.0	12584703.960695878	0.0	206865961781396.28	1531064222.6141832	0.0	4.041582631071706e+16	299127150541.6544
251.0	0.0	13269665.826723987	0.0	206553444257064.6	1611958270.8951235	0.0	4.098448264795251e+16	319845916974.9
252.0	0.0	13986279.140284894	0.0	206237381345171.16	1696410473.466416	0.0	4.155883118973919e+16	341843151980.7843
253.0	0.0	14735728.726877902	0.0	205917849229645.66	1784542843.7639623	0.0	4.213890598704996e+16	365187784373.9937
254.0	0.0	15519232.200772459	0.0	205594923041181.6	1876480193.9325373	0.0	4.2724741158486376e+16	389951898562.8606
255.0	0.0	16338040.48177035	0.0	205268676867687.3	1972350154.3882678	0.0	4.331637089014503e+16	416210851633.18414
256.0	0.0	17193438.30985423	0.0	204939183764743.03	2072283192.3415399	0.0	4.391382943548439e+16	444043393648.7801
257.0	0.0	18086744.757485628	0.0	204606515766060.5	2176412629.262232	0.0	4.4517151115192744e+16	473531791219.48645
258.0	0.0	19019313.739316925	0.0	204270743893943.16	2284874657.2700644	0.0	4.5126370317056696e+16	504761954387.1656
259.0	0.0	19992534.519088276	0.0	203931938169734.03	2397808354.43424	0.0	4.574152149583039e+16	537823566880.1839
260.0	0.0	21007832.213475257	0.0	203590167624266.56	2515355698.9669065	0.0	4.636263917310584e+16	572810219786.4589
261.0	0.0	22066668.29266419	0.0	203245500308285.84	2637661582.2964897	0.0	4.69897579371835e+16	609819548695.158
262.0	0.0	23170541.077421464	0.0	202898003302864.78	2764873821.0069547	0.0	4.762291244294416e+16	648953374356.5605
263.0	0.0	24320986.2324411	0.0	202547742729786.94	2897143167.6312666	0.0	4.8262137411720936e+16	690317846909.7113
264.0	0.0	25519577.25574293	0.0	202194783761915.3	3034623320.2871075	0.0	4.890746763117258e+16	734023593726.8439
265.0	0.0	26767925.963906035	0.0	201839190633519.97	3177470931.1444097	0.0	4.955893795515717e+16	780185870923.471
266.0	0.0	28067682.972919013	0.0	201481026650584.78	3325845613.715143	0.0	5.021658330360668e+16	828924718582.5605
267.0	0.0	29420538.174436755	0.0	201120354201071.22	3479909948.9567857	0.0	5.088043866240202e+16	880365119740.9994
268.0	0.0	30828221.207230873	0.0	200757234765144.3	3639829490.1815214	0.0	5.15505390832492e+16	934637163186.0261
269.0	0.0	32292501.923627898	0.0	200391728925359.1	3805772766.764579	0.0	5.2226919683555736e+16	991876210109.0106
270.0	0.0	33815190.850732245	0.0	200023896376807.25	3977911286.645988	0.0	5.290961564630809e+16	1052223064663.5582
271.0	0.0	35398139.64623053	0.0	199653795937206.12	4156419537.6202126	0.0	5.359866221994956e+16	1115824148474.3503
272.0	0.0	37043241.54858595	0.0	199281485556951.7	4341474987.410774	0.0	5.429409471825909e+16	1182831679142.963
273.0	0.0	38752431.821422115	0.0	198907022329110.25	4533258082.525526	0.0	5.49959485202304e+16	1253403852796.027
274.0	0.0	40527688.1919138	0.0	198530462499361.1	4731952245.891494	0.0	5.570425906995227e+16	1327705030721.0688
275.0	0.0	42371031.28299371	0.0	198151861475887.62	4937743873.267503	0.0	5.641906187648891e+16	1405905930134.4639
276.0	0.0	44284525.039194405	0.0	197771273839201.4	5150822328.434002	0.0	5.7140392513761544e+16	1488183819125.6426
277.0	0.0	46270277.1459488	0.0	197388753351916.0	5371379937.161246	0.0	5.786828662043022e+16	1574722715821.1255
278.0	0.0	48330439.44217535	0.0	197004352968456.66	5599611979.95695	0.0	5.860277989977644e+16	1665713591811.3987
279.0	0.0	50467208.32597526	0.0	196618124844706.03	5835716683.59539	0.0	5.93439081195865e+16	1761354579882.9614
280.0	0.0	52682825.15327641	0.0	196230120347587.97	6079895211.431202	0.0	6.009170711203527e+16	1861851186097.3865
281.0	0.0	54979576.629269175	0.0	195840390064585.62	6332351652.502552	0.0	6.08462127735707e+16	1967416506258.875
282.0	0.0	57359795.19246418	0.0	195448983813192.28	6593293009.426932	0.0	6.160746106479911e+16	2078271446810.4836
283.0	0.0	59825859.39123233	0.0	195055950650294.88	6862929185.096736	0.0	6.237548801037062e+16	2194644950199.4568
284.0	0.0	62380194.252669424	0.0	194661338881485.88	7141472968.1797905	0.0	6.315032969886577e+16	2316774224750.7183
285.0	0.0	65025271.643647596	0.0	194265196070310.7	7429140017.432996	0.0	6.393202228268236e+16	2444904979087.4043
286.0	0.0	67763610.62390898	0.0	193867569047435.5	7726148844.835891	0.0	6.4720601977922984e+16	2579291661136.2837
287.0	0.0	70597777.7910669	0.0	193468503919752.12	8032720797.553446	0.0	6.5516105064283224e+16	2720197701755.3955
288.0	0.0	73530387.61739664	0.0	193068046079400.88	8349080038.738225	0.0	6.6318567884940296e+16	2867895763021.0205
289.0	0.0	76564102.77826265	0.0	192666240212727.47	8675453527.179487	0.0	6.71280268464424e+16	3022667991208.857
290.0	0.0	79701634.47209373	0.0	192263130309161.2	9012070995.8133	0.0	6.794451841859866e+16	3184806274505.8657
291.0	0.0	82945742.73176697	0.0	191858759670015.38	9359164929.102552	0.0	6.876807913436945e+16	3354612505486.3804
292.0	0.0	86299236.72729596	0.0	191453170917221.16	9716970539.300352	0.0	6.959874558975757e+16	3532398848386.4937
293.0	0.0	89764975.05971488	0.0	191046406001975.66	10085725741.608568	0.0	7.043655444369976e+16	3718488011209.6406
294.0	0.0	93345866.04606238	0.0	190638506213316.53	10465671128.246185	0.0	7.128154241795869e+16	3913213522695.8447
295.0	0.0	97044867.99535145	0.0	190229512186620.12	10857049941.439497	0.0	7.213374629701598e+16	4116920014185.4375
296.0	0.0	100864989.47545558	0.0	189819463912024.66	11260108045.351446	0.0	7.299320292796522e+16	4329963506408.815
297.0	0.0	104809289.57080108	0.0	189408400742767.34	11675093896.962149	0.0	7.385994922040576e+16	4552711701231.243
298.0	0.0	108880878.13079058	0.0	188996361403453.8	12102258515.91828	0.0	7.473402214633718e+16	4785544278382.103
299.0	0.0	113082916.00888693	0.0	188583383998238.6	12541855453.367174	0.0	7.561545874005392e+16	5028853197197.181
